{
  "project_info": {
    "project_number": "668515437661",
    "project_id": "qodo-devs-prj",
    "storage_bucket": "qodo-devs-prj.appspot.com"
  },
  "client": [
    {
      "client_info": {
        "mobilesdk_app_id": "1:668515437661:android:446bbacb2a862e378151b4",
        "android_client_info": {
          "package_name": "pro.lab76.blood"
        }
      },
      "oauth_client": [
        {
          "client_id": "668515437661-p88o5v598ab4n954bsfsekoaqh4h6td0.apps.googleusercontent.com",
          "client_type": 1,
          "android_info": {
            "package_name": "pro.lab76.blood",
            "certificate_hash": "bdea09056fe54688a223aac18fe41f0269e3c129"
          }
        },
        {
          "client_id": "668515437661-r9qcbpqkk04if16pd8smg3ovfctm3u01.apps.googleusercontent.com",
          "client_type": 3
        }
      ],
      "api_key": [
        {
          "current_key": "AIzaSyD0hPt1MaHu-QZeZl8_as4exZBJ8PoU_Ls"
        }
      ],
      "services": {
        "appinvite_service": {
          "other_platform_oauth_client": [
            {
              "client_id": "668515437661-r9qcbpqkk04if16pd8smg3ovfctm3u01.apps.googleusercontent.com",
              "client_type": 3
            }
          ]
        }
      }
    },
    {
      "client_info": {
        "mobilesdk_app_id": "1:668515437661:android:ccd3f25c30127ba88151b4",
        "android_client_info": {
          "package_name": "pro.qodo.mradio"
        }
      },
      "oauth_client": [
        {
          "client_id": "668515437661-ru1294bpu3i8b9gp26jvik34lp6ccljt.apps.googleusercontent.com",
          "client_type": 1,
          "android_info": {
            "package_name": "pro.qodo.mradio",
            "certificate_hash": "bdea09056fe54688a223aac18fe41f0269e3c129"
          }
        },
        {
          "client_id": "668515437661-r9qcbpqkk04if16pd8smg3ovfctm3u01.apps.googleusercontent.com",
          "client_type": 3
        }
      ],
      "api_key": [
        {
          "current_key": "AIzaSyD0hPt1MaHu-QZeZl8_as4exZBJ8PoU_Ls"
        }
      ],
      "services": {
        "appinvite_service": {
          "other_platform_oauth_client": [
            {
              "client_id": "668515437661-r9qcbpqkk04if16pd8smg3ovfctm3u01.apps.googleusercontent.com",
              "client_type": 3
            }
          ]
        }
      }
    },
    {
      "client_info": {
        "mobilesdk_app_id": "1:668515437661:android:e6e37f270b7b7ce88151b4",
        "android_client_info": {
          "package_name": "pro.qodo.streamfy"
        }
      },
      "oauth_client": [
        {
          "client_id": "668515437661-r9qcbpqkk04if16pd8smg3ovfctm3u01.apps.googleusercontent.com",
          "client_type": 3
        }
      ],
      "api_key": [
        {
          "current_key": "AIzaSyD0hPt1MaHu-QZeZl8_as4exZBJ8PoU_Ls"
        }
      ],
      "services": {
        "appinvite_service": {
          "other_platform_oauth_client": [
            {
              "client_id": "668515437661-r9qcbpqkk04if16pd8smg3ovfctm3u01.apps.googleusercontent.com",
              "client_type": 3
            }
          ]
        }
      }
    },
    {
      "client_info": {
        "mobilesdk_app_id": "1:668515437661:android:c05ba85e3239ae538151b4",
        "android_client_info": {
          "package_name": "pro.qodo.streamify"
        }
      },
      "oauth_client": [
        {
          "client_id": "668515437661-cmov0sgo0hapep7k96tqmhsj6ik08nth.apps.googleusercontent.com",
          "client_type": 1,
          "android_info": {
            "package_name": "pro.qodo.streamify",
            "certificate_hash": "bdea09056fe54688a223aac18fe41f0269e3c129"
          }
        },
        {
          "client_id": "668515437661-r9qcbpqkk04if16pd8smg3ovfctm3u01.apps.googleusercontent.com",
          "client_type": 3
        }
      ],
      "api_key": [
        {
          "current_key": "AIzaSyD0hPt1MaHu-QZeZl8_as4exZBJ8PoU_Ls"
        }
      ],
      "services": {
        "appinvite_service": {
          "other_platform_oauth_client": [
            {
              "client_id": "668515437661-r9qcbpqkk04if16pd8smg3ovfctm3u01.apps.googleusercontent.com",
              "client_type": 3
            }
          ]
        }
      }
    },
    {
      "client_info": {
        "mobilesdk_app_id": "1:668515437661:android:c7719603a6f6d4048151b4",
        "android_client_info": {
          "package_name": "pro.qodo.transistors"
        }
      },
      "oauth_client": [
        {
          "client_id": "668515437661-37babdikfn4kv1f6139hcech83sgjaa1.apps.googleusercontent.com",
          "client_type": 1,
          "android_info": {
            "package_name": "pro.qodo.transistors",
            "certificate_hash": "bdea09056fe54688a223aac18fe41f0269e3c129"
          }
        },
        {
          "client_id": "668515437661-r9qcbpqkk04if16pd8smg3ovfctm3u01.apps.googleusercontent.com",
          "client_type": 3
        }
      ],
      "api_key": [
        {
          "current_key": "AIzaSyD0hPt1MaHu-QZeZl8_as4exZBJ8PoU_Ls"
        }
      ],
      "services": {
        "appinvite_service": {
          "other_platform_oauth_client": [
            {
              "client_id": "668515437661-r9qcbpqkk04if16pd8smg3ovfctm3u01.apps.googleusercontent.com",
              "client_type": 3
            }
          ]
        }
      }
    }
  ],
  "configuration_version": "1"
}