{"v":"5.4.1","fr":50,"ip":0,"op":130,"w":300,"h":300,"nm":"notifications","ddd":0,"assets":[],"layers":[{"ddd":0,"ind":1,"ty":4,"nm":"siren/notifications Silhouettes","sr":1,"ks":{"o":{"a":1,"k":[{"i":{"x":[0.833],"y":[0.833]},"o":{"x":[0.167],"y":[0.167]},"n":["0p833_0p833_0p167_0p167"],"t":13,"s":[0],"e":[100]},{"i":{"x":[0.833],"y":[0.833]},"o":{"x":[0.167],"y":[0.167]},"n":["0p833_0p833_0p167_0p167"],"t":21,"s":[100],"e":[100]},{"i":{"x":[0.833],"y":[0.833]},"o":{"x":[0.167],"y":[0.167]},"n":["0p833_0p833_0p167_0p167"],"t":84,"s":[100],"e":[0]},{"t":91}],"ix":11},"r":{"a":0,"k":0,"ix":10},"p":{"a":0,"k":[150,150,0],"ix":2},"a":{"a":0,"k":[150,150,0],"ix":1},"s":{"a":1,"k":[{"i":{"x":[0.833,0.833,0.833],"y":[0.833,0.833,0.833]},"o":{"x":[0.167,0.167,0.167],"y":[0.167,0.167,0.167]},"n":["0p833_0p833_0p167_0p167","0p833_0p833_0p167_0p167","0p833_0p833_0p167_0p167"],"t":13,"s":[0,0,100],"e":[120,120,100]},{"i":{"x":[0.833,0.833,0.833],"y":[0.833,0.833,0.833]},"o":{"x":[0.167,0.167,0.167],"y":[0.167,0.167,0.167]},"n":["0p833_0p833_0p167_0p167","0p833_0p833_0p167_0p167","0p833_0p833_0p167_0p167"],"t":21,"s":[120,120,100],"e":[100,100,100]},{"i":{"x":[0.833,0.833,0.833],"y":[0.833,0.833,0.833]},"o":{"x":[0.167,0.167,0.167],"y":[0.167,0.167,0.167]},"n":["0p833_0p833_0p167_0p167","0p833_0p833_0p167_0p167","0p833_0p833_0p167_0p167"],"t":25,"s":[100,100,100],"e":[100,100,100]},{"i":{"x":[0.833,0.833,0.833],"y":[0.833,0.833,0.833]},"o":{"x":[0.167,0.167,0.167],"y":[0.167,0.167,0.167]},"n":["0p833_0p833_0p167_0p167","0p833_0p833_0p167_0p167","0p833_0p833_0p167_0p167"],"t":81,"s":[100,100,100],"e":[120,120,100]},{"i":{"x":[0.833,0.833,0.833],"y":[0.833,0.833,0.833]},"o":{"x":[0.167,0.167,0.167],"y":[0.167,0.167,0.167]},"n":["0p833_0p833_0p167_0p167","0p833_0p833_0p167_0p167","0p833_0p833_0p167_0p167"],"t":84,"s":[120,120,100],"e":[0,0,100]},{"t":91}],"ix":6}},"ao":0,"shapes":[{"ty":"gr","it":[{"ind":0,"ty":"sh","ix":1,"ks":{"a":0,"k":{"i":[[12.832,1.527],[2.34,-27.552],[0,0],[0,0]],"o":[[2.834,2.221],[0,0],[0,0],[0,-13.238]],"v":[[-11.41,-18.931],[-5.172,18.931],[11.41,18.931],[11.406,6.777]],"c":true},"ix":2},"nm":"Tracé 1","mn":"ADBE Vector Shape - Group","hd":false},{"ty":"fl","c":{"a":0,"k":[0.827000038297,0.20800000359,0.20800000359,1],"ix":4},"o":{"a":0,"k":100,"ix":5},"r":1,"nm":"Fond 1","mn":"ADBE Vector Graphic - Fill","hd":false},{"ty":"tr","p":{"a":0,"k":[165.623,138.062],"ix":2},"a":{"a":0,"k":[0,0],"ix":1},"s":{"a":0,"k":[100,100],"ix":3},"r":{"a":0,"k":0,"ix":6},"o":{"a":0,"k":100,"ix":7},"sk":{"a":0,"k":0,"ix":4},"sa":{"a":0,"k":0,"ix":5},"nm":"Transformer "}],"nm":"Groupe 1","np":2,"cix":2,"ix":1,"mn":"ADBE Vector Group","hd":false},{"ty":"gr","it":[{"ind":0,"ty":"sh","ix":1,"ks":{"a":0,"k":{"i":[[12.832,1.527],[2.34,-27.552],[0,0],[0,0]],"o":[[2.834,2.221],[0,0],[0,0],[0,-13.238]],"v":[[-11.41,-18.865],[-5.172,18.866],[11.41,18.866],[11.406,6.843]],"c":true},"ix":2},"nm":"Tracé 1","mn":"ADBE Vector Shape - Group","hd":false},{"ty":"fl","c":{"a":0,"k":[0.905999995213,0.26699999641,0.211999990426,1],"ix":4},"o":{"a":0,"k":100,"ix":5},"r":1,"nm":"Fond 1","mn":"ADBE Vector Graphic - Fill","hd":false},{"ty":"tr","p":{"a":0,"k":[165.623,137.996],"ix":2},"a":{"a":0,"k":[0,0],"ix":1},"s":{"a":0,"k":[100,100],"ix":3},"r":{"a":0,"k":0,"ix":6},"o":{"a":0,"k":100,"ix":7},"sk":{"a":0,"k":0,"ix":4},"sa":{"a":0,"k":0,"ix":5},"nm":"Transformer "}],"nm":"Groupe 2","np":2,"cix":2,"ix":2,"mn":"ADBE Vector Group","hd":false},{"ty":"gr","it":[{"ind":0,"ty":"sh","ix":1,"ks":{"a":0,"k":{"i":[[2.834,2.221],[1.042,0],[0,-14.28],[0,0],[0,0],[0,0],[0,0]],"o":[[-1.011,-0.12],[-14.281,0],[0,0],[0,0],[0,0],[0,0],[2.34,-27.552]],"v":[[3.077,-18.837],[0,-19.026],[-25.897,6.871],[-25.897,19.026],[25.896,19.025],[25.896,18.894],[9.315,18.894]],"c":true},"ix":2},"nm":"Tracé 1","mn":"ADBE Vector Shape - Group","hd":false},{"ty":"fl","c":{"a":0,"k":[0.905999995213,0.26699999641,0.211999990426,1],"ix":4},"o":{"a":0,"k":100,"ix":5},"r":1,"nm":"Fond 1","mn":"ADBE Vector Graphic - Fill","hd":false},{"ty":"tr","p":{"a":0,"k":[151.136,137.968],"ix":2},"a":{"a":0,"k":[0,0],"ix":1},"s":{"a":0,"k":[100,100],"ix":3},"r":{"a":0,"k":0,"ix":6},"o":{"a":0,"k":100,"ix":7},"sk":{"a":0,"k":0,"ix":4},"sa":{"a":0,"k":0,"ix":5},"nm":"Transformer "}],"nm":"Groupe 3","np":2,"cix":2,"ix":3,"mn":"ADBE Vector Group","hd":false},{"ty":"gr","it":[{"ind":0,"ty":"sh","ix":1,"ks":{"a":0,"k":{"i":[[0,0],[0,-2.923],[0,0],[0,0],[0,0],[2.69,1.116]],"o":[[-2.686,1.117],[0,0],[0,0],[0,0],[0,-2.923],[0,0]],"v":[[-25.898,-6.964],[-30.373,-0.267],[-30.373,6.965],[30.372,6.965],[30.372,-0.267],[25.895,-6.965]],"c":true},"ix":2},"nm":"Tracé 1","mn":"ADBE Vector Shape - Group","hd":false},{"ty":"fl","c":{"a":0,"k":[0.109999997008,0.211999990426,0.419999994016,1],"ix":4},"o":{"a":0,"k":100,"ix":5},"r":1,"nm":"Fond 1","mn":"ADBE Vector Graphic - Fill","hd":false},{"ty":"tr","p":{"a":0,"k":[151.138,163.958],"ix":2},"a":{"a":0,"k":[0,0],"ix":1},"s":{"a":0,"k":[100,100],"ix":3},"r":{"a":0,"k":0,"ix":6},"o":{"a":0,"k":100,"ix":7},"sk":{"a":0,"k":0,"ix":4},"sa":{"a":0,"k":0,"ix":5},"nm":"Transformer "}],"nm":"Groupe 4","np":2,"cix":2,"ix":4,"mn":"ADBE Vector Group","hd":false},{"ty":"gr","it":[{"ind":0,"ty":"sh","ix":1,"ks":{"a":0,"k":{"i":[[0,-3.633],[20.032,0],[0,3.634],[-20.031,0]],"o":[[0,3.634],[-20.031,0],[0,-3.633],[20.032,0]],"v":[[36.27,-0.001],[0,6.578],[-36.27,-0.001],[0,-6.579]],"c":true},"ix":2},"nm":"Tracé 1","mn":"ADBE Vector Shape - Group","hd":false},{"ty":"fl","c":{"a":0,"k":[0.922000002394,0.936999990426,0.969000004787,1],"ix":4},"o":{"a":0,"k":100,"ix":5},"r":1,"nm":"Fond 1","mn":"ADBE Vector Graphic - Fill","hd":false},{"ty":"tr","p":{"a":0,"k":[151.136,170.57],"ix":2},"a":{"a":0,"k":[0,0],"ix":1},"s":{"a":0,"k":[100,100],"ix":3},"r":{"a":0,"k":0,"ix":6},"o":{"a":0,"k":100,"ix":7},"sk":{"a":0,"k":0,"ix":4},"sa":{"a":0,"k":0,"ix":5},"nm":"Transformer "}],"nm":"Groupe 5","np":2,"cix":2,"ix":5,"mn":"ADBE Vector Group","hd":false}],"ip":1,"op":131,"st":1,"bm":0},{"ddd":0,"ind":2,"ty":4,"nm":"ploc/notifications Silhouettes 3","sr":1,"ks":{"o":{"a":0,"k":100,"ix":11},"r":{"a":0,"k":0,"ix":10},"p":{"a":0,"k":[150,150,0],"ix":2},"a":{"a":0,"k":[150,150,0],"ix":1},"s":{"a":0,"k":[100,100,100],"ix":6}},"ao":0,"shapes":[{"ty":"gr","it":[{"ind":0,"ty":"sh","ix":1,"ks":{"a":1,"k":[{"i":{"x":0.833,"y":0.833},"o":{"x":0.167,"y":0.167},"n":"0p833_0p833_0p167_0p167","t":55,"s":[{"i":[[-0.745,0],[-0.519,0.523],[0,0.741],[0.522,0.523],[0,0],[1.043,-1.054],[0,-0.74],[-0.525,-0.522],[0,0]],"o":[[0.742,0],[0.527,-0.524],[-0.002,-0.741],[0,0],[-1.048,-1.048],[-0.527,0.523],[0,0.74],[0,0],[0.521,0.526]],"v":[[1.74,4.632],[3.696,3.821],[4.512,1.859],[3.699,-0.099],[4.42,0.601],[0.501,0.6],[-0.315,2.559],[0.499,4.518],[-0.223,3.817]],"c":true}],"e":[{"i":[[-0.745,0],[-0.519,0.523],[0,0.741],[0.522,0.523],[0,0],[1.043,-1.054],[0,-0.74],[-0.525,-0.522],[0,0]],"o":[[0.742,0],[0.527,-0.524],[-0.002,-0.741],[0,0],[-1.048,-1.048],[-0.527,0.523],[0,0.74],[0,0],[0.521,0.526]],"v":[[1.74,4.632],[3.696,3.821],[4.512,1.859],[3.699,-0.099],[2.413,-1.393],[-1.506,-1.394],[-2.322,0.565],[-1.508,2.524],[-0.223,3.817]],"c":true}]},{"i":{"x":0.833,"y":0.833},"o":{"x":0.167,"y":0.167},"n":"0p833_0p833_0p167_0p167","t":59,"s":[{"i":[[-0.745,0],[-0.519,0.523],[0,0.741],[0.522,0.523],[0,0],[1.043,-1.054],[0,-0.74],[-0.525,-0.522],[0,0]],"o":[[0.742,0],[0.527,-0.524],[-0.002,-0.741],[0,0],[-1.048,-1.048],[-0.527,0.523],[0,0.74],[0,0],[0.521,0.526]],"v":[[1.74,4.632],[3.696,3.821],[4.512,1.859],[3.699,-0.099],[2.413,-1.393],[-1.506,-1.394],[-2.322,0.565],[-1.508,2.524],[-0.223,3.817]],"c":true}],"e":[{"i":[[-0.745,0],[-0.519,0.523],[0,0.741],[0.522,0.523],[0,0],[1.043,-1.054],[0,-0.74],[-0.525,-0.522],[0,0]],"o":[[0.742,0],[0.527,-0.524],[-0.002,-0.741],[0,0],[-1.048,-1.048],[-0.527,0.523],[0,0.74],[0,0],[0.521,0.526]],"v":[[1.74,4.632],[3.696,3.821],[4.512,1.859],[3.699,-0.099],[0.222,-3.577],[-3.697,-3.578],[-4.513,-1.619],[-3.699,0.34],[-0.223,3.817]],"c":true}]},{"i":{"x":0.833,"y":0.833},"o":{"x":0.167,"y":0.167},"n":"0p833_0p833_0p167_0p167","t":63,"s":[{"i":[[-0.745,0],[-0.519,0.523],[0,0.741],[0.522,0.523],[0,0],[1.043,-1.054],[0,-0.74],[-0.525,-0.522],[0,0]],"o":[[0.742,0],[0.527,-0.524],[-0.002,-0.741],[0,0],[-1.048,-1.048],[-0.527,0.523],[0,0.74],[0,0],[0.521,0.526]],"v":[[1.74,4.632],[3.696,3.821],[4.512,1.859],[3.699,-0.099],[0.222,-3.577],[-3.697,-3.578],[-4.513,-1.619],[-3.699,0.34],[-0.223,3.817]],"c":true}],"e":[{"i":[[-0.745,0],[-0.519,0.523],[0,0.741],[0.522,0.523],[0,0],[1.043,-1.054],[0,-0.74],[-0.525,-0.522],[0,0]],"o":[[0.742,0],[0.527,-0.524],[-0.002,-0.741],[0,0],[-1.048,-1.048],[-0.527,0.523],[0,0.74],[0,0],[0.521,0.526]],"v":[[-0.01,2.882],[1.947,2.071],[2.763,0.109],[1.949,-1.849],[0.222,-3.577],[-3.697,-3.578],[-4.513,-1.619],[-3.699,0.34],[-1.972,2.067]],"c":true}]},{"i":{"x":0.833,"y":0.833},"o":{"x":0.167,"y":0.167},"n":"0p833_0p833_0p167_0p167","t":67,"s":[{"i":[[-0.745,0],[-0.519,0.523],[0,0.741],[0.522,0.523],[0,0],[1.043,-1.054],[0,-0.74],[-0.525,-0.522],[0,0]],"o":[[0.742,0],[0.527,-0.524],[-0.002,-0.741],[0,0],[-1.048,-1.048],[-0.527,0.523],[0,0.74],[0,0],[0.521,0.526]],"v":[[-0.01,2.882],[1.947,2.071],[2.763,0.109],[1.949,-1.849],[0.222,-3.577],[-3.697,-3.578],[-4.513,-1.619],[-3.699,0.34],[-1.972,2.067]],"c":true}],"e":[{"i":[[-0.745,0],[-0.519,0.523],[0,0.741],[0.522,0.523],[0,0],[1.043,-1.054],[0,-0.74],[-0.525,-0.522],[0,0]],"o":[[0.742,0],[0.527,-0.524],[-0.002,-0.741],[0,0],[-1.048,-1.048],[-0.527,0.523],[0,0.74],[0,0],[0.521,0.526]],"v":[[-2.197,0.694],[-0.24,-0.117],[0.576,-2.079],[-0.238,-4.037],[0.222,-3.577],[-3.697,-3.578],[-4.513,-1.619],[-3.699,0.34],[-4.159,-0.121]],"c":true}]},{"t":71}],"ix":2},"nm":"Tracé 1","mn":"ADBE Vector Shape - Group","hd":false},{"ty":"fl","c":{"a":0,"k":[0.905999995213,0.26699999641,0.211999990426,1],"ix":4},"o":{"a":0,"k":100,"ix":5},"r":1,"nm":"Fond 1","mn":"ADBE Vector Graphic - Fill","hd":false},{"ty":"tr","p":{"a":0,"k":[129.679,117.587],"ix":2},"a":{"a":0,"k":[0,0],"ix":1},"s":{"a":0,"k":[100,100],"ix":3},"r":{"a":0,"k":0,"ix":6},"o":{"a":1,"k":[{"i":{"x":[0.833],"y":[0.833]},"o":{"x":[0.167],"y":[0.167]},"n":["0p833_0p833_0p167_0p167"],"t":54,"s":[0],"e":[100]},{"i":{"x":[0.833],"y":[0.833]},"o":{"x":[0.167],"y":[0.167]},"n":["0p833_0p833_0p167_0p167"],"t":55,"s":[100],"e":[100]},{"i":{"x":[0.833],"y":[0.833]},"o":{"x":[0.167],"y":[0.167]},"n":["0p833_0p833_0p167_0p167"],"t":71,"s":[100],"e":[0]},{"t":72}],"ix":7},"sk":{"a":0,"k":0,"ix":4},"sa":{"a":0,"k":0,"ix":5},"nm":"Transformer "}],"nm":"Groupe 1","np":2,"cix":2,"ix":1,"mn":"ADBE Vector Group","hd":false},{"ty":"gr","it":[{"ind":0,"ty":"sh","ix":1,"ks":{"a":1,"k":[{"i":{"x":0.833,"y":0.833},"o":{"x":0.167,"y":0.167},"n":"0p833_0p833_0p167_0p167","t":63,"s":[{"i":[[0.524,0.525],[1.082,-1.078],[0,0],[0,-0.742],[-0.522,-0.523],[-0.741,0],[-0.527,0.525],[0,0],[-0.002,0.74]],"o":[[-1.089,-1.081],[0,0],[-0.527,0.525],[0.003,0.74],[0.524,0.523],[0.74,0],[0,0],[0.525,-0.523],[0,-0.742]],"v":[[-0.357,-0.123],[-4.28,-0.123],[-3.696,-0.089],[-4.513,1.874],[-3.698,3.833],[-1.737,4.646],[0.226,3.833],[-0.361,3.799],[0.456,1.84]],"c":true}],"e":[{"i":[[0.524,0.525],[1.082,-1.078],[0,0],[0,-0.742],[-0.522,-0.523],[-0.741,0],[-0.527,0.525],[0,0],[-0.002,0.74]],"o":[[-1.089,-1.081],[0,0],[-0.527,0.525],[0.003,0.74],[0.524,0.523],[0.74,0],[0,0],[0.525,-0.523],[0,-0.742]],"v":[[1.643,-1.498],[-2.28,-1.498],[-3.696,-0.089],[-4.513,1.874],[-3.698,3.833],[-1.737,4.646],[0.226,3.833],[1.639,2.424],[2.456,0.465]],"c":true}]},{"i":{"x":0.833,"y":0.833},"o":{"x":0.167,"y":0.167},"n":"0p833_0p833_0p167_0p167","t":67,"s":[{"i":[[0.524,0.525],[1.082,-1.078],[0,0],[0,-0.742],[-0.522,-0.523],[-0.741,0],[-0.527,0.525],[0,0],[-0.002,0.74]],"o":[[-1.089,-1.081],[0,0],[-0.527,0.525],[0.003,0.74],[0.524,0.523],[0.74,0],[0,0],[0.525,-0.523],[0,-0.742]],"v":[[1.643,-1.498],[-2.28,-1.498],[-3.696,-0.089],[-4.513,1.874],[-3.698,3.833],[-1.737,4.646],[0.226,3.833],[1.639,2.424],[2.456,0.465]],"c":true}],"e":[{"i":[[0.524,0.525],[1.082,-1.078],[0,0],[0,-0.742],[-0.522,-0.523],[-0.741,0],[-0.527,0.525],[0,0],[-0.002,0.74]],"o":[[-1.089,-1.081],[0,0],[-0.527,0.525],[0.003,0.74],[0.524,0.523],[0.74,0],[0,0],[0.525,-0.523],[0,-0.742]],"v":[[3.7,-3.565],[-0.223,-3.565],[-3.696,-0.089],[-4.513,1.874],[-3.698,3.833],[-1.737,4.646],[0.226,3.833],[3.696,0.357],[4.513,-1.602]],"c":true}]},{"i":{"x":0.833,"y":0.833},"o":{"x":0.167,"y":0.167},"n":"0p833_0p833_0p167_0p167","t":71,"s":[{"i":[[0.524,0.525],[1.082,-1.078],[0,0],[0,-0.742],[-0.522,-0.523],[-0.741,0],[-0.527,0.525],[0,0],[-0.002,0.74]],"o":[[-1.089,-1.081],[0,0],[-0.527,0.525],[0.003,0.74],[0.524,0.523],[0.74,0],[0,0],[0.525,-0.523],[0,-0.742]],"v":[[3.7,-3.565],[-0.223,-3.565],[-3.696,-0.089],[-4.513,1.874],[-3.698,3.833],[-1.737,4.646],[0.226,3.833],[3.696,0.357],[4.513,-1.602]],"c":true}],"e":[{"i":[[0.524,0.525],[1.082,-1.078],[0,0],[0,-0.742],[-0.522,-0.523],[-0.741,0],[-0.527,0.525],[0,0],[-0.002,0.74]],"o":[[-1.089,-1.081],[0,0],[-0.527,0.525],[0.003,0.74],[0.524,0.523],[0.74,0],[0,0],[0.525,-0.523],[0,-0.742]],"v":[[3.7,-3.565],[-0.223,-3.565],[-1.503,-2.271],[-2.32,-0.309],[-1.505,1.651],[0.456,2.464],[2.419,1.651],[3.696,0.357],[4.513,-1.602]],"c":true}]},{"i":{"x":0.833,"y":0.833},"o":{"x":0.167,"y":0.167},"n":"0p833_0p833_0p167_0p167","t":75,"s":[{"i":[[0.524,0.525],[1.082,-1.078],[0,0],[0,-0.742],[-0.522,-0.523],[-0.741,0],[-0.527,0.525],[0,0],[-0.002,0.74]],"o":[[-1.089,-1.081],[0,0],[-0.527,0.525],[0.003,0.74],[0.524,0.523],[0.74,0],[0,0],[0.525,-0.523],[0,-0.742]],"v":[[3.7,-3.565],[-0.223,-3.565],[-1.503,-2.271],[-2.32,-0.309],[-1.505,1.651],[0.456,2.464],[2.419,1.651],[3.696,0.357],[4.513,-1.602]],"c":true}],"e":[{"i":[[0.524,0.525],[1.082,-1.078],[0,0],[0,-0.742],[-0.522,-0.523],[-0.741,0],[-0.527,0.525],[0,0],[-0.002,0.74]],"o":[[-1.089,-1.081],[0,0],[-0.527,0.525],[0.003,0.74],[0.524,0.523],[0.74,0],[0,0],[0.525,-0.523],[0,-0.742]],"v":[[3.7,-3.565],[-0.223,-3.565],[0.069,-3.824],[-0.748,-1.861],[0.067,0.098],[2.028,0.911],[3.991,0.098],[3.696,0.357],[4.513,-1.602]],"c":true}]},{"t":79}],"ix":2},"nm":"Tracé 1","mn":"ADBE Vector Shape - Group","hd":false},{"ty":"fl","c":{"a":0,"k":[0.905999995213,0.26699999641,0.211999990426,1],"ix":4},"o":{"a":1,"k":[{"i":{"x":[0.833],"y":[0.833]},"o":{"x":[0.167],"y":[0.167]},"n":["0p833_0p833_0p167_0p167"],"t":62,"s":[0],"e":[100]},{"i":{"x":[0.833],"y":[0.833]},"o":{"x":[0.167],"y":[0.167]},"n":["0p833_0p833_0p167_0p167"],"t":63,"s":[100],"e":[100]},{"i":{"x":[0.833],"y":[0.833]},"o":{"x":[0.167],"y":[0.167]},"n":["0p833_0p833_0p167_0p167"],"t":79,"s":[100],"e":[0]},{"t":80}],"ix":5},"r":1,"nm":"Fond 1","mn":"ADBE Vector Graphic - Fill","hd":false},{"ty":"tr","p":{"a":0,"k":[175.453,118.171],"ix":2},"a":{"a":0,"k":[0,0],"ix":1},"s":{"a":0,"k":[100,100],"ix":3},"r":{"a":0,"k":0,"ix":6},"o":{"a":0,"k":100,"ix":7},"sk":{"a":0,"k":0,"ix":4},"sa":{"a":0,"k":0,"ix":5},"nm":"Transformer "}],"nm":"Groupe 2","np":2,"cix":2,"ix":2,"mn":"ADBE Vector Group","hd":false},{"ty":"gr","it":[{"ind":0,"ty":"sh","ix":1,"ks":{"a":1,"k":[{"i":{"x":0.833,"y":0.833},"o":{"x":0.167,"y":0.167},"n":"0p833_0p833_0p167_0p167","t":59,"s":[{"i":[[-1.528,0],[0,1.529],[0,0],[1.528,0],[0,-1.53],[0,0]],"o":[[1.528,0],[0,0],[0,-1.53],[-1.528,0],[0,0],[0,1.529]],"v":[[-0.001,7.226],[2.771,4.453],[2.836,4.443],[0.063,1.669],[-2.707,4.443],[-2.771,4.453]],"c":true}],"e":[{"i":[[-1.528,0],[0,1.529],[0,0],[1.528,0],[0,-1.53],[0,0]],"o":[[1.528,0],[0,0],[0,-1.53],[-1.528,0],[0,0],[0,1.529]],"v":[[-0.001,7.226],[2.771,4.453],[2.793,0.685],[0.02,-2.089],[-2.75,0.685],[-2.771,4.453]],"c":true}]},{"i":{"x":0.833,"y":0.833},"o":{"x":0.167,"y":0.167},"n":"0p833_0p833_0p167_0p167","t":63,"s":[{"i":[[-1.528,0],[0,1.529],[0,0],[1.528,0],[0,-1.53],[0,0]],"o":[[1.528,0],[0,0],[0,-1.53],[-1.528,0],[0,0],[0,1.529]],"v":[[-0.001,7.226],[2.771,4.453],[2.793,0.685],[0.02,-2.089],[-2.75,0.685],[-2.771,4.453]],"c":true}],"e":[{"i":[[-1.528,0],[0,1.529],[0,0],[1.528,0],[0,-1.53],[0,0]],"o":[[1.528,0],[0,0],[0,-1.53],[-1.528,0],[0,0],[0,1.529]],"v":[[-0.001,7.226],[2.771,4.453],[2.771,-4.452],[-0.001,-7.226],[-2.771,-4.452],[-2.771,4.453]],"c":true}]},{"i":{"x":0.833,"y":0.833},"o":{"x":0.167,"y":0.167},"n":"0p833_0p833_0p167_0p167","t":67,"s":[{"i":[[-1.528,0],[0,1.529],[0,0],[1.528,0],[0,-1.53],[0,0]],"o":[[1.528,0],[0,0],[0,-1.53],[-1.528,0],[0,0],[0,1.529]],"v":[[-0.001,7.226],[2.771,4.453],[2.771,-4.452],[-0.001,-7.226],[-2.771,-4.452],[-2.771,4.453]],"c":true}],"e":[{"i":[[-1.528,0],[0,1.529],[0,0],[1.528,0],[0,-1.53],[0,0]],"o":[[1.528,0],[0,0],[0,-1.53],[-1.528,0],[0,0],[0,1.529]],"v":[[-0.003,3.593],[2.77,0.82],[2.771,-4.452],[-0.001,-7.226],[-2.771,-4.452],[-2.773,0.82]],"c":true}]},{"i":{"x":0.833,"y":0.833},"o":{"x":0.167,"y":0.167},"n":"0p833_0p833_0p167_0p167","t":71,"s":[{"i":[[-1.528,0],[0,1.529],[0,0],[1.528,0],[0,-1.53],[0,0]],"o":[[1.528,0],[0,0],[0,-1.53],[-1.528,0],[0,0],[0,1.529]],"v":[[-0.003,3.593],[2.77,0.82],[2.771,-4.452],[-0.001,-7.226],[-2.771,-4.452],[-2.773,0.82]],"c":true}],"e":[{"i":[[-1.528,0],[0,1.529],[0,0],[1.528,0],[0,-1.53],[0,0]],"o":[[1.528,0],[0,0],[0,-1.53],[-1.528,0],[0,0],[0,1.529]],"v":[[-0.006,-1.168],[2.767,-3.941],[2.771,-4.452],[-0.001,-7.226],[-2.771,-4.452],[-2.776,-3.941]],"c":true}]},{"t":75}],"ix":2},"nm":"Tracé 1","mn":"ADBE Vector Shape - Group","hd":false},{"ty":"fl","c":{"a":0,"k":[0.905999995213,0.26699999641,0.211999990426,1],"ix":4},"o":{"a":0,"k":100,"ix":5},"r":1,"nm":"Fond 1","mn":"ADBE Vector Graphic - Fill","hd":false},{"ty":"tr","p":{"a":0,"k":[151.635,106.264],"ix":2},"a":{"a":0,"k":[0,0],"ix":1},"s":{"a":0,"k":[100,99.771],"ix":3},"r":{"a":0,"k":0,"ix":6},"o":{"a":1,"k":[{"i":{"x":[0.833],"y":[0.833]},"o":{"x":[0.167],"y":[0.167]},"n":["0p833_0p833_0p167_0p167"],"t":58,"s":[0],"e":[100]},{"i":{"x":[0.833],"y":[0.833]},"o":{"x":[0.167],"y":[0.167]},"n":["0p833_0p833_0p167_0p167"],"t":59,"s":[100],"e":[100]},{"i":{"x":[0.833],"y":[0.833]},"o":{"x":[0.167],"y":[0.167]},"n":["0p833_0p833_0p167_0p167"],"t":75,"s":[100],"e":[0]},{"t":76}],"ix":7},"sk":{"a":0,"k":0,"ix":4},"sa":{"a":0,"k":0,"ix":5},"nm":"Transformer "}],"nm":"Groupe 3","np":2,"cix":2,"ix":3,"mn":"ADBE Vector Group","hd":false}],"ip":54,"op":80,"st":25,"bm":0},{"ddd":0,"ind":3,"ty":4,"nm":"ploc/notifications Silhouettes 2","sr":1,"ks":{"o":{"a":0,"k":100,"ix":11},"r":{"a":0,"k":0,"ix":10},"p":{"a":0,"k":[150,150,0],"ix":2},"a":{"a":0,"k":[150,150,0],"ix":1},"s":{"a":0,"k":[100,100,100],"ix":6}},"ao":0,"shapes":[{"ty":"gr","it":[{"ind":0,"ty":"sh","ix":1,"ks":{"a":1,"k":[{"i":{"x":0.833,"y":0.833},"o":{"x":0.167,"y":0.167},"n":"0p833_0p833_0p167_0p167","t":30,"s":[{"i":[[-0.745,0],[-0.519,0.523],[0,0.741],[0.522,0.523],[0,0],[1.043,-1.054],[0,-0.74],[-0.525,-0.522],[0,0]],"o":[[0.742,0],[0.527,-0.524],[-0.002,-0.741],[0,0],[-1.048,-1.048],[-0.527,0.523],[0,0.74],[0,0],[0.521,0.526]],"v":[[1.74,4.632],[3.696,3.821],[4.512,1.859],[3.699,-0.099],[4.42,0.601],[0.501,0.6],[-0.315,2.559],[0.499,4.518],[-0.223,3.817]],"c":true}],"e":[{"i":[[-0.745,0],[-0.519,0.523],[0,0.741],[0.522,0.523],[0,0],[1.043,-1.054],[0,-0.74],[-0.525,-0.522],[0,0]],"o":[[0.742,0],[0.527,-0.524],[-0.002,-0.741],[0,0],[-1.048,-1.048],[-0.527,0.523],[0,0.74],[0,0],[0.521,0.526]],"v":[[1.74,4.632],[3.696,3.821],[4.512,1.859],[3.699,-0.099],[2.413,-1.393],[-1.506,-1.394],[-2.322,0.565],[-1.508,2.524],[-0.223,3.817]],"c":true}]},{"i":{"x":0.833,"y":0.833},"o":{"x":0.167,"y":0.167},"n":"0p833_0p833_0p167_0p167","t":34,"s":[{"i":[[-0.745,0],[-0.519,0.523],[0,0.741],[0.522,0.523],[0,0],[1.043,-1.054],[0,-0.74],[-0.525,-0.522],[0,0]],"o":[[0.742,0],[0.527,-0.524],[-0.002,-0.741],[0,0],[-1.048,-1.048],[-0.527,0.523],[0,0.74],[0,0],[0.521,0.526]],"v":[[1.74,4.632],[3.696,3.821],[4.512,1.859],[3.699,-0.099],[2.413,-1.393],[-1.506,-1.394],[-2.322,0.565],[-1.508,2.524],[-0.223,3.817]],"c":true}],"e":[{"i":[[-0.745,0],[-0.519,0.523],[0,0.741],[0.522,0.523],[0,0],[1.043,-1.054],[0,-0.74],[-0.525,-0.522],[0,0]],"o":[[0.742,0],[0.527,-0.524],[-0.002,-0.741],[0,0],[-1.048,-1.048],[-0.527,0.523],[0,0.74],[0,0],[0.521,0.526]],"v":[[1.74,4.632],[3.696,3.821],[4.512,1.859],[3.699,-0.099],[0.222,-3.577],[-3.697,-3.578],[-4.513,-1.619],[-3.699,0.34],[-0.223,3.817]],"c":true}]},{"i":{"x":0.833,"y":0.833},"o":{"x":0.167,"y":0.167},"n":"0p833_0p833_0p167_0p167","t":38,"s":[{"i":[[-0.745,0],[-0.519,0.523],[0,0.741],[0.522,0.523],[0,0],[1.043,-1.054],[0,-0.74],[-0.525,-0.522],[0,0]],"o":[[0.742,0],[0.527,-0.524],[-0.002,-0.741],[0,0],[-1.048,-1.048],[-0.527,0.523],[0,0.74],[0,0],[0.521,0.526]],"v":[[1.74,4.632],[3.696,3.821],[4.512,1.859],[3.699,-0.099],[0.222,-3.577],[-3.697,-3.578],[-4.513,-1.619],[-3.699,0.34],[-0.223,3.817]],"c":true}],"e":[{"i":[[-0.745,0],[-0.519,0.523],[0,0.741],[0.522,0.523],[0,0],[1.043,-1.054],[0,-0.74],[-0.525,-0.522],[0,0]],"o":[[0.742,0],[0.527,-0.524],[-0.002,-0.741],[0,0],[-1.048,-1.048],[-0.527,0.523],[0,0.74],[0,0],[0.521,0.526]],"v":[[-0.01,2.882],[1.947,2.071],[2.763,0.109],[1.949,-1.849],[0.222,-3.577],[-3.697,-3.578],[-4.513,-1.619],[-3.699,0.34],[-1.972,2.067]],"c":true}]},{"i":{"x":0.833,"y":0.833},"o":{"x":0.167,"y":0.167},"n":"0p833_0p833_0p167_0p167","t":42,"s":[{"i":[[-0.745,0],[-0.519,0.523],[0,0.741],[0.522,0.523],[0,0],[1.043,-1.054],[0,-0.74],[-0.525,-0.522],[0,0]],"o":[[0.742,0],[0.527,-0.524],[-0.002,-0.741],[0,0],[-1.048,-1.048],[-0.527,0.523],[0,0.74],[0,0],[0.521,0.526]],"v":[[-0.01,2.882],[1.947,2.071],[2.763,0.109],[1.949,-1.849],[0.222,-3.577],[-3.697,-3.578],[-4.513,-1.619],[-3.699,0.34],[-1.972,2.067]],"c":true}],"e":[{"i":[[-0.745,0],[-0.519,0.523],[0,0.741],[0.522,0.523],[0,0],[1.043,-1.054],[0,-0.74],[-0.525,-0.522],[0,0]],"o":[[0.742,0],[0.527,-0.524],[-0.002,-0.741],[0,0],[-1.048,-1.048],[-0.527,0.523],[0,0.74],[0,0],[0.521,0.526]],"v":[[-2.197,0.694],[-0.24,-0.117],[0.576,-2.079],[-0.238,-4.037],[0.222,-3.577],[-3.697,-3.578],[-4.513,-1.619],[-3.699,0.34],[-4.159,-0.121]],"c":true}]},{"t":46}],"ix":2},"nm":"Tracé 1","mn":"ADBE Vector Shape - Group","hd":false},{"ty":"fl","c":{"a":0,"k":[0.905999995213,0.26699999641,0.211999990426,1],"ix":4},"o":{"a":0,"k":100,"ix":5},"r":1,"nm":"Fond 1","mn":"ADBE Vector Graphic - Fill","hd":false},{"ty":"tr","p":{"a":0,"k":[129.679,117.587],"ix":2},"a":{"a":0,"k":[0,0],"ix":1},"s":{"a":0,"k":[100,100],"ix":3},"r":{"a":0,"k":0,"ix":6},"o":{"a":1,"k":[{"i":{"x":[0.833],"y":[0.833]},"o":{"x":[0.167],"y":[0.167]},"n":["0p833_0p833_0p167_0p167"],"t":29,"s":[0],"e":[100]},{"i":{"x":[0.833],"y":[0.833]},"o":{"x":[0.167],"y":[0.167]},"n":["0p833_0p833_0p167_0p167"],"t":30,"s":[100],"e":[100]},{"i":{"x":[0.833],"y":[0.833]},"o":{"x":[0.167],"y":[0.167]},"n":["0p833_0p833_0p167_0p167"],"t":46,"s":[100],"e":[0]},{"t":47}],"ix":7},"sk":{"a":0,"k":0,"ix":4},"sa":{"a":0,"k":0,"ix":5},"nm":"Transformer "}],"nm":"Groupe 1","np":2,"cix":2,"ix":1,"mn":"ADBE Vector Group","hd":false},{"ty":"gr","it":[{"ind":0,"ty":"sh","ix":1,"ks":{"a":1,"k":[{"i":{"x":0.833,"y":0.833},"o":{"x":0.167,"y":0.167},"n":"0p833_0p833_0p167_0p167","t":38,"s":[{"i":[[0.524,0.525],[1.082,-1.078],[0,0],[0,-0.742],[-0.522,-0.523],[-0.741,0],[-0.527,0.525],[0,0],[-0.002,0.74]],"o":[[-1.089,-1.081],[0,0],[-0.527,0.525],[0.003,0.74],[0.524,0.523],[0.74,0],[0,0],[0.525,-0.523],[0,-0.742]],"v":[[-0.357,-0.123],[-4.28,-0.123],[-3.696,-0.089],[-4.513,1.874],[-3.698,3.833],[-1.737,4.646],[0.226,3.833],[-0.361,3.799],[0.456,1.84]],"c":true}],"e":[{"i":[[0.524,0.525],[1.082,-1.078],[0,0],[0,-0.742],[-0.522,-0.523],[-0.741,0],[-0.527,0.525],[0,0],[-0.002,0.74]],"o":[[-1.089,-1.081],[0,0],[-0.527,0.525],[0.003,0.74],[0.524,0.523],[0.74,0],[0,0],[0.525,-0.523],[0,-0.742]],"v":[[1.643,-1.498],[-2.28,-1.498],[-3.696,-0.089],[-4.513,1.874],[-3.698,3.833],[-1.737,4.646],[0.226,3.833],[1.639,2.424],[2.456,0.465]],"c":true}]},{"i":{"x":0.833,"y":0.833},"o":{"x":0.167,"y":0.167},"n":"0p833_0p833_0p167_0p167","t":42,"s":[{"i":[[0.524,0.525],[1.082,-1.078],[0,0],[0,-0.742],[-0.522,-0.523],[-0.741,0],[-0.527,0.525],[0,0],[-0.002,0.74]],"o":[[-1.089,-1.081],[0,0],[-0.527,0.525],[0.003,0.74],[0.524,0.523],[0.74,0],[0,0],[0.525,-0.523],[0,-0.742]],"v":[[1.643,-1.498],[-2.28,-1.498],[-3.696,-0.089],[-4.513,1.874],[-3.698,3.833],[-1.737,4.646],[0.226,3.833],[1.639,2.424],[2.456,0.465]],"c":true}],"e":[{"i":[[0.524,0.525],[1.082,-1.078],[0,0],[0,-0.742],[-0.522,-0.523],[-0.741,0],[-0.527,0.525],[0,0],[-0.002,0.74]],"o":[[-1.089,-1.081],[0,0],[-0.527,0.525],[0.003,0.74],[0.524,0.523],[0.74,0],[0,0],[0.525,-0.523],[0,-0.742]],"v":[[3.7,-3.565],[-0.223,-3.565],[-3.696,-0.089],[-4.513,1.874],[-3.698,3.833],[-1.737,4.646],[0.226,3.833],[3.696,0.357],[4.513,-1.602]],"c":true}]},{"i":{"x":0.833,"y":0.833},"o":{"x":0.167,"y":0.167},"n":"0p833_0p833_0p167_0p167","t":46,"s":[{"i":[[0.524,0.525],[1.082,-1.078],[0,0],[0,-0.742],[-0.522,-0.523],[-0.741,0],[-0.527,0.525],[0,0],[-0.002,0.74]],"o":[[-1.089,-1.081],[0,0],[-0.527,0.525],[0.003,0.74],[0.524,0.523],[0.74,0],[0,0],[0.525,-0.523],[0,-0.742]],"v":[[3.7,-3.565],[-0.223,-3.565],[-3.696,-0.089],[-4.513,1.874],[-3.698,3.833],[-1.737,4.646],[0.226,3.833],[3.696,0.357],[4.513,-1.602]],"c":true}],"e":[{"i":[[0.524,0.525],[1.082,-1.078],[0,0],[0,-0.742],[-0.522,-0.523],[-0.741,0],[-0.527,0.525],[0,0],[-0.002,0.74]],"o":[[-1.089,-1.081],[0,0],[-0.527,0.525],[0.003,0.74],[0.524,0.523],[0.74,0],[0,0],[0.525,-0.523],[0,-0.742]],"v":[[3.7,-3.565],[-0.223,-3.565],[-1.503,-2.271],[-2.32,-0.309],[-1.505,1.651],[0.456,2.464],[2.419,1.651],[3.696,0.357],[4.513,-1.602]],"c":true}]},{"i":{"x":0.833,"y":0.833},"o":{"x":0.167,"y":0.167},"n":"0p833_0p833_0p167_0p167","t":50,"s":[{"i":[[0.524,0.525],[1.082,-1.078],[0,0],[0,-0.742],[-0.522,-0.523],[-0.741,0],[-0.527,0.525],[0,0],[-0.002,0.74]],"o":[[-1.089,-1.081],[0,0],[-0.527,0.525],[0.003,0.74],[0.524,0.523],[0.74,0],[0,0],[0.525,-0.523],[0,-0.742]],"v":[[3.7,-3.565],[-0.223,-3.565],[-1.503,-2.271],[-2.32,-0.309],[-1.505,1.651],[0.456,2.464],[2.419,1.651],[3.696,0.357],[4.513,-1.602]],"c":true}],"e":[{"i":[[0.524,0.525],[1.082,-1.078],[0,0],[0,-0.742],[-0.522,-0.523],[-0.741,0],[-0.527,0.525],[0,0],[-0.002,0.74]],"o":[[-1.089,-1.081],[0,0],[-0.527,0.525],[0.003,0.74],[0.524,0.523],[0.74,0],[0,0],[0.525,-0.523],[0,-0.742]],"v":[[3.7,-3.565],[-0.223,-3.565],[0.069,-3.824],[-0.748,-1.861],[0.067,0.098],[2.028,0.911],[3.991,0.098],[3.696,0.357],[4.513,-1.602]],"c":true}]},{"t":54}],"ix":2},"nm":"Tracé 1","mn":"ADBE Vector Shape - Group","hd":false},{"ty":"fl","c":{"a":0,"k":[0.905999995213,0.26699999641,0.211999990426,1],"ix":4},"o":{"a":1,"k":[{"i":{"x":[0.833],"y":[0.833]},"o":{"x":[0.167],"y":[0.167]},"n":["0p833_0p833_0p167_0p167"],"t":37,"s":[0],"e":[100]},{"i":{"x":[0.833],"y":[0.833]},"o":{"x":[0.167],"y":[0.167]},"n":["0p833_0p833_0p167_0p167"],"t":38,"s":[100],"e":[100]},{"i":{"x":[0.833],"y":[0.833]},"o":{"x":[0.167],"y":[0.167]},"n":["0p833_0p833_0p167_0p167"],"t":54,"s":[100],"e":[0]},{"t":55}],"ix":5},"r":1,"nm":"Fond 1","mn":"ADBE Vector Graphic - Fill","hd":false},{"ty":"tr","p":{"a":0,"k":[175.453,118.171],"ix":2},"a":{"a":0,"k":[0,0],"ix":1},"s":{"a":0,"k":[100,100],"ix":3},"r":{"a":0,"k":0,"ix":6},"o":{"a":0,"k":100,"ix":7},"sk":{"a":0,"k":0,"ix":4},"sa":{"a":0,"k":0,"ix":5},"nm":"Transformer "}],"nm":"Groupe 2","np":2,"cix":2,"ix":2,"mn":"ADBE Vector Group","hd":false},{"ty":"gr","it":[{"ind":0,"ty":"sh","ix":1,"ks":{"a":1,"k":[{"i":{"x":0.833,"y":0.833},"o":{"x":0.167,"y":0.167},"n":"0p833_0p833_0p167_0p167","t":34,"s":[{"i":[[-1.528,0],[0,1.529],[0,0],[1.528,0],[0,-1.53],[0,0]],"o":[[1.528,0],[0,0],[0,-1.53],[-1.528,0],[0,0],[0,1.529]],"v":[[-0.001,7.226],[2.771,4.453],[2.836,4.443],[0.063,1.669],[-2.707,4.443],[-2.771,4.453]],"c":true}],"e":[{"i":[[-1.528,0],[0,1.529],[0,0],[1.528,0],[0,-1.53],[0,0]],"o":[[1.528,0],[0,0],[0,-1.53],[-1.528,0],[0,0],[0,1.529]],"v":[[-0.001,7.226],[2.771,4.453],[2.793,0.685],[0.02,-2.089],[-2.75,0.685],[-2.771,4.453]],"c":true}]},{"i":{"x":0.833,"y":0.833},"o":{"x":0.167,"y":0.167},"n":"0p833_0p833_0p167_0p167","t":38,"s":[{"i":[[-1.528,0],[0,1.529],[0,0],[1.528,0],[0,-1.53],[0,0]],"o":[[1.528,0],[0,0],[0,-1.53],[-1.528,0],[0,0],[0,1.529]],"v":[[-0.001,7.226],[2.771,4.453],[2.793,0.685],[0.02,-2.089],[-2.75,0.685],[-2.771,4.453]],"c":true}],"e":[{"i":[[-1.528,0],[0,1.529],[0,0],[1.528,0],[0,-1.53],[0,0]],"o":[[1.528,0],[0,0],[0,-1.53],[-1.528,0],[0,0],[0,1.529]],"v":[[-0.001,7.226],[2.771,4.453],[2.771,-4.452],[-0.001,-7.226],[-2.771,-4.452],[-2.771,4.453]],"c":true}]},{"i":{"x":0.833,"y":0.833},"o":{"x":0.167,"y":0.167},"n":"0p833_0p833_0p167_0p167","t":42,"s":[{"i":[[-1.528,0],[0,1.529],[0,0],[1.528,0],[0,-1.53],[0,0]],"o":[[1.528,0],[0,0],[0,-1.53],[-1.528,0],[0,0],[0,1.529]],"v":[[-0.001,7.226],[2.771,4.453],[2.771,-4.452],[-0.001,-7.226],[-2.771,-4.452],[-2.771,4.453]],"c":true}],"e":[{"i":[[-1.528,0],[0,1.529],[0,0],[1.528,0],[0,-1.53],[0,0]],"o":[[1.528,0],[0,0],[0,-1.53],[-1.528,0],[0,0],[0,1.529]],"v":[[-0.003,3.593],[2.77,0.82],[2.771,-4.452],[-0.001,-7.226],[-2.771,-4.452],[-2.773,0.82]],"c":true}]},{"i":{"x":0.833,"y":0.833},"o":{"x":0.167,"y":0.167},"n":"0p833_0p833_0p167_0p167","t":46,"s":[{"i":[[-1.528,0],[0,1.529],[0,0],[1.528,0],[0,-1.53],[0,0]],"o":[[1.528,0],[0,0],[0,-1.53],[-1.528,0],[0,0],[0,1.529]],"v":[[-0.003,3.593],[2.77,0.82],[2.771,-4.452],[-0.001,-7.226],[-2.771,-4.452],[-2.773,0.82]],"c":true}],"e":[{"i":[[-1.528,0],[0,1.529],[0,0],[1.528,0],[0,-1.53],[0,0]],"o":[[1.528,0],[0,0],[0,-1.53],[-1.528,0],[0,0],[0,1.529]],"v":[[-0.006,-1.168],[2.767,-3.941],[2.771,-4.452],[-0.001,-7.226],[-2.771,-4.452],[-2.776,-3.941]],"c":true}]},{"t":50}],"ix":2},"nm":"Tracé 1","mn":"ADBE Vector Shape - Group","hd":false},{"ty":"fl","c":{"a":0,"k":[0.905999995213,0.26699999641,0.211999990426,1],"ix":4},"o":{"a":0,"k":100,"ix":5},"r":1,"nm":"Fond 1","mn":"ADBE Vector Graphic - Fill","hd":false},{"ty":"tr","p":{"a":0,"k":[151.635,106.264],"ix":2},"a":{"a":0,"k":[0,0],"ix":1},"s":{"a":0,"k":[100,99.771],"ix":3},"r":{"a":0,"k":0,"ix":6},"o":{"a":1,"k":[{"i":{"x":[0.833],"y":[0.833]},"o":{"x":[0.167],"y":[0.167]},"n":["0p833_0p833_0p167_0p167"],"t":33,"s":[0],"e":[100]},{"i":{"x":[0.833],"y":[0.833]},"o":{"x":[0.167],"y":[0.167]},"n":["0p833_0p833_0p167_0p167"],"t":34,"s":[100],"e":[100]},{"i":{"x":[0.833],"y":[0.833]},"o":{"x":[0.167],"y":[0.167]},"n":["0p833_0p833_0p167_0p167"],"t":50,"s":[100],"e":[0]},{"t":51}],"ix":7},"sk":{"a":0,"k":0,"ix":4},"sa":{"a":0,"k":0,"ix":5},"nm":"Transformer "}],"nm":"Groupe 3","np":2,"cix":2,"ix":3,"mn":"ADBE Vector Group","hd":false}],"ip":29,"op":55,"st":0,"bm":0},{"ddd":0,"ind":4,"ty":4,"nm":"phone/notifications Silhouettes","sr":1,"ks":{"o":{"a":0,"k":100,"ix":11},"r":{"a":0,"k":0,"ix":10},"p":{"a":0,"k":[150,150,0],"ix":2},"a":{"a":0,"k":[150,150,0],"ix":1},"s":{"a":0,"k":[100,100,100],"ix":6}},"ao":0,"shapes":[{"ty":"gr","it":[{"ind":0,"ty":"sh","ix":1,"ks":{"a":0,"k":{"i":[[3.212,0],[0,0],[0,3.212],[0,0],[-3.212,0],[0,0],[0,-3.212],[0,0]],"o":[[0,0],[-3.212,0],[0,0],[0,-3.212],[0,0],[3.212,0],[0,0],[0,3.212]],"v":[[49.631,27.923],[-49.631,27.923],[-55.471,22.083],[-55.471,-22.083],[-49.631,-27.923],[49.631,-27.923],[55.471,-22.083],[55.471,22.083]],"c":true},"ix":2},"nm":"Tracé 1","mn":"ADBE Vector Shape - Group","hd":false},{"ty":"fl","c":{"a":0,"k":[1,1,1,1],"ix":4},"o":{"a":0,"k":100,"ix":5},"r":1,"nm":"Fond 1","mn":"ADBE Vector Graphic - Fill","hd":false},{"ty":"tr","p":{"a":0,"k":[151.137,156.306],"ix":2},"a":{"a":0,"k":[0,0],"ix":1},"s":{"a":1,"k":[{"i":{"x":[0.833,0.833],"y":[0.833,0.833]},"o":{"x":[0.167,0.167],"y":[0.167,0.167]},"n":["0p833_0p833_0p167_0p167","0p833_0p833_0p167_0p167"],"t":0,"s":[120,120],"e":[100,100]},{"i":{"x":[0.833,0.833],"y":[0.833,0.833]},"o":{"x":[0.167,0.167],"y":[0.167,0.167]},"n":["0p833_0p833_0p167_0p167","0p833_0p833_0p167_0p167"],"t":10,"s":[100,100],"e":[100,100]},{"i":{"x":[0.833,0.833],"y":[0.833,0.833]},"o":{"x":[0.167,0.167],"y":[0.167,0.167]},"n":["0p833_0p833_0p167_0p167","0p833_0p833_0p167_0p167"],"t":91,"s":[100,100],"e":[0,0]},{"t":100}],"ix":3},"r":{"a":0,"k":0,"ix":6},"o":{"a":1,"k":[{"i":{"x":[0.833],"y":[0.833]},"o":{"x":[0.167],"y":[0.167]},"n":["0p833_0p833_0p167_0p167"],"t":2,"s":[0],"e":[100]},{"i":{"x":[0.833],"y":[0.833]},"o":{"x":[0.167],"y":[0.167]},"n":["0p833_0p833_0p167_0p167"],"t":12,"s":[100],"e":[100]},{"i":{"x":[0.833],"y":[0.833]},"o":{"x":[0.167],"y":[0.167]},"n":["0p833_0p833_0p167_0p167"],"t":89,"s":[100],"e":[0]},{"t":98}],"ix":7},"sk":{"a":0,"k":0,"ix":4},"sa":{"a":0,"k":0,"ix":5},"nm":"Transformer "}],"nm":"Groupe 1","np":2,"cix":2,"ix":1,"mn":"ADBE Vector Group","hd":false},{"ty":"gr","it":[{"ind":0,"ty":"sh","ix":1,"ks":{"a":0,"k":{"i":[[2.709,0],[0,-2.71],[-2.71,0],[0,2.71]],"o":[[-2.71,0],[0,2.71],[2.709,0],[0,-2.71]],"v":[[0.001,-4.907],[-4.907,-0.001],[0.001,4.907],[4.906,-0.001]],"c":true},"ix":2},"nm":"Tracé 1","mn":"ADBE Vector Shape - Group","hd":false},{"ty":"fl","c":{"a":0,"k":[0.936999990426,0.757000014361,0,1],"ix":4},"o":{"a":0,"k":100,"ix":5},"r":1,"nm":"Fond 1","mn":"ADBE Vector Graphic - Fill","hd":false},{"ty":"tr","p":{"a":0,"k":[126.954,58.066],"ix":2},"a":{"a":0,"k":[0,0],"ix":1},"s":{"a":0,"k":[100,100],"ix":3},"r":{"a":0,"k":0,"ix":6},"o":{"a":0,"k":100,"ix":7},"sk":{"a":0,"k":0,"ix":4},"sa":{"a":0,"k":0,"ix":5},"nm":"Transformer "}],"nm":"Groupe 2","np":2,"cix":2,"ix":2,"mn":"ADBE Vector Group","hd":false},{"ty":"gr","it":[{"ind":0,"ty":"sh","ix":1,"ks":{"a":0,"k":{"i":[[2.504,0],[0,0],[0,-2.505],[-2.504,0],[0,0],[0,2.504]],"o":[[0,0],[-2.504,0],[0,2.504],[0,0],[2.504,0],[0,-2.505]],"v":[[15.868,-4.531],[-15.867,-4.531],[-20.398,0],[-15.867,4.531],[15.868,4.531],[20.398,0]],"c":true},"ix":2},"nm":"Tracé 1","mn":"ADBE Vector Shape - Group","hd":false},{"ty":"fl","c":{"a":0,"k":[0.936999990426,0.757000014361,0,1],"ix":4},"o":{"a":0,"k":100,"ix":5},"r":1,"nm":"Fond 1","mn":"ADBE Vector Graphic - Fill","hd":false},{"ty":"tr","p":{"a":0,"k":[159.827,58.066],"ix":2},"a":{"a":0,"k":[0,0],"ix":1},"s":{"a":0,"k":[100,100],"ix":3},"r":{"a":0,"k":0,"ix":6},"o":{"a":0,"k":100,"ix":7},"sk":{"a":0,"k":0,"ix":4},"sa":{"a":0,"k":0,"ix":5},"nm":"Transformer "}],"nm":"Groupe 3","np":2,"cix":2,"ix":3,"mn":"ADBE Vector Group","hd":false},{"ty":"gr","it":[{"ind":0,"ty":"sh","ix":1,"ks":{"a":0,"k":{"i":[[0,0],[0,0],[0,0],[0,0]],"o":[[0,0],[0,0],[0,0],[0,0]],"v":[[63.102,85.876],[-63.103,85.876],[-63.103,-85.876],[63.102,-85.876]],"c":true},"ix":2},"nm":"Tracé 1","mn":"ADBE Vector Shape - Group","hd":false},{"ty":"fl","c":{"a":0,"k":[0.936999990426,0.757000014361,0,1],"ix":4},"o":{"a":0,"k":100,"ix":5},"r":1,"nm":"Fond 1","mn":"ADBE Vector Graphic - Fill","hd":false},{"ty":"tr","p":{"a":0,"k":[151.137,157.797],"ix":2},"a":{"a":0,"k":[0,0],"ix":1},"s":{"a":0,"k":[100,100],"ix":3},"r":{"a":0,"k":0,"ix":6},"o":{"a":0,"k":100,"ix":7},"sk":{"a":0,"k":0,"ix":4},"sa":{"a":0,"k":0,"ix":5},"nm":"Transformer "}],"nm":"Groupe 4","np":2,"cix":2,"ix":4,"mn":"ADBE Vector Group","hd":false},{"ty":"gr","it":[{"ind":0,"ty":"sh","ix":1,"ks":{"a":0,"k":{"i":[[6.354,0],[0,-6.355],[-6.354,0],[0,6.354]],"o":[[-6.354,0],[0,6.354],[6.354,0],[0,-6.355]],"v":[[0,-11.506],[-11.506,0],[0,11.506],[11.506,0]],"c":true},"ix":2},"nm":"Tracé 1","mn":"ADBE Vector Shape - Group","hd":false},{"ty":"fl","c":{"a":0,"k":[0.936999990426,0.757000014361,0,1],"ix":4},"o":{"a":0,"k":100,"ix":5},"r":1,"nm":"Fond 1","mn":"ADBE Vector Graphic - Fill","hd":false},{"ty":"tr","p":{"a":0,"k":[151.137,261.147],"ix":2},"a":{"a":0,"k":[0,0],"ix":1},"s":{"a":0,"k":[100,100],"ix":3},"r":{"a":0,"k":0,"ix":6},"o":{"a":0,"k":100,"ix":7},"sk":{"a":0,"k":0,"ix":4},"sa":{"a":0,"k":0,"ix":5},"nm":"Transformer "}],"nm":"Groupe 5","np":2,"cix":2,"ix":5,"mn":"ADBE Vector Group","hd":false},{"ty":"gr","it":[{"ind":0,"ty":"sh","ix":1,"ks":{"a":0,"k":{"i":[[11.831,0],[0,0],[0,0],[0,-12.383],[0,0],[-0.534,-1.958],[-30.786,4.881],[0,0],[-11.777,6.61],[0,0],[0,0]],"o":[[0,0],[0,0],[-11.831,0],[0,0],[0,2.135],[15.481,12.093],[0,0],[11.414,-3.652],[0,0],[0,0],[0,-12.383]],"v":[[41.643,-119.905],[6.74,-119.905],[-41.644,-119.905],[-63.103,-97.444],[-63.103,96.086],[-62.277,102.242],[4.648,115.024],[27.711,109.568],[63.102,94.062],[63.102,-67.482],[63.102,-97.444]],"c":true},"ix":2},"nm":"Tracé 1","mn":"ADBE Vector Shape - Group","hd":false},{"ty":"fl","c":{"a":0,"k":[1,0.811999990426,0,1],"ix":4},"o":{"a":0,"k":100,"ix":5},"r":1,"nm":"Fond 1","mn":"ADBE Vector Graphic - Fill","hd":false},{"ty":"tr","p":{"a":0,"k":[151.137,160.372],"ix":2},"a":{"a":0,"k":[0,0],"ix":1},"s":{"a":0,"k":[100,100],"ix":3},"r":{"a":0,"k":0,"ix":6},"o":{"a":0,"k":100,"ix":7},"sk":{"a":0,"k":0,"ix":4},"sa":{"a":0,"k":0,"ix":5},"nm":"Transformer "}],"nm":"Groupe 6","np":2,"cix":2,"ix":6,"mn":"ADBE Vector Group","hd":false}],"ip":0,"op":130,"st":0,"bm":0},{"ddd":0,"ind":5,"ty":4,"nm":"bg/notifications Silhouettes","sr":1,"ks":{"o":{"a":0,"k":100,"ix":11},"r":{"a":0,"k":0,"ix":10},"p":{"a":0,"k":[150,150,0],"ix":2},"a":{"a":0,"k":[150,150,0],"ix":1},"s":{"a":0,"k":[100,100,100],"ix":6}},"ao":0,"shapes":[{"ty":"gr","it":[{"ind":0,"ty":"sh","ix":1,"ks":{"a":0,"k":{"i":[[0,0],[30.559,61.721],[19.096,16.982],[17.352,17.258],[32.724,-48.452],[-20.9,-45.345],[-66.142,10.487]],"o":[[52.253,-16.714],[-11.357,-22.937],[-16.493,-14.666],[-28.338,-23.412],[-19.485,28.851],[21.698,47.08],[0,0]],"v":[[15.133,118.774],[105.522,-9.755],[41.462,-65.578],[-6.45,-111.305],[-114.662,-77.833],[-115.181,49.901],[-7.93,124.23]],"c":true},"ix":2},"nm":"Tracé 1","mn":"ADBE Vector Shape - Group","hd":false},{"ty":"fl","c":{"a":0,"k":[0.827000038297,0.20800000359,0.20800000359,1],"ix":4},"o":{"a":0,"k":100,"ix":5},"r":1,"nm":"Fond 1","mn":"ADBE Vector Graphic - Fill","hd":false},{"ty":"tr","p":{"a":0,"k":[163.716,151.165],"ix":2},"a":{"a":0,"k":[0,0],"ix":1},"s":{"a":0,"k":[100,100],"ix":3},"r":{"a":0,"k":0,"ix":6},"o":{"a":0,"k":100,"ix":7},"sk":{"a":0,"k":0,"ix":4},"sa":{"a":0,"k":0,"ix":5},"nm":"Transformer "}],"nm":"Groupe 1","np":2,"cix":2,"ix":1,"mn":"ADBE Vector Group","hd":false}],"ip":0,"op":130,"st":0,"bm":0}],"markers":[]}