{"v":"5.5.4","fr":60,"ip":0,"op":60,"w":800,"h":800,"nm":"Comp 1","ddd":0,"assets":[],"layers":[{"ddd":0,"ind":1,"ty":4,"nm":"Layer 2 Outlines","sr":1,"ks":{"o":{"a":0,"k":100,"ix":11},"r":{"a":0,"k":0,"ix":10},"p":{"a":0,"k":[400.369,343.17,0],"ix":2},"a":{"a":0,"k":[93.357,68.53,0],"ix":1},"s":{"a":0,"k":[100,100,100],"ix":6}},"ao":0,"shapes":[{"ty":"gr","it":[{"ind":0,"ty":"sh","ix":1,"ks":{"a":1,"k":[{"i":{"x":0.833,"y":0.833},"o":{"x":0.167,"y":0.167},"t":0,"s":[{"i":[[0,0],[0,0],[0,0]],"o":[[0,0],[0,0],[0,0]],"v":[[-17.894,-18.413],[16.894,-1.764],[-8.604,23.414]],"c":false}]},{"i":{"x":0.833,"y":0.833},"o":{"x":0.167,"y":0.167},"t":15,"s":[{"i":[[0,0],[0,0],[0,0]],"o":[[0,0],[0,0],[0,0]],"v":[[-16.894,-23.414],[16.894,-7.764],[-9.604,16.414]],"c":false}]},{"i":{"x":0.833,"y":0.833},"o":{"x":0.167,"y":0.167},"t":30,"s":[{"i":[[0,0],[0,0],[0,0]],"o":[[0,0],[0,0],[0,0]],"v":[[-17.894,-18.413],[16.894,-1.764],[-8.604,23.414]],"c":false}]},{"i":{"x":0.833,"y":0.833},"o":{"x":0.167,"y":0.167},"t":45,"s":[{"i":[[0,0],[0,0],[0,0]],"o":[[0,0],[0,0],[0,0]],"v":[[-16.894,-23.414],[16.894,-7.764],[-9.604,16.414]],"c":false}]},{"t":60,"s":[{"i":[[0,0],[0,0],[0,0]],"o":[[0,0],[0,0],[0,0]],"v":[[-17.894,-18.413],[16.894,-1.764],[-8.604,23.414]],"c":false}]}],"ix":2},"nm":"Path 1","mn":"ADBE Vector Shape - Group","hd":false},{"ty":"st","c":{"a":0,"k":[0,0,0,1],"ix":3},"o":{"a":0,"k":100,"ix":4},"w":{"a":0,"k":12.202,"ix":5},"lc":2,"lj":2,"bm":0,"nm":"Stroke 1","mn":"ADBE Vector Graphic - Stroke","hd":false},{"ty":"tr","p":{"a":0,"k":[47.399,83.141],"ix":2},"a":{"a":0,"k":[0,0],"ix":1},"s":{"a":0,"k":[100,100],"ix":3},"r":{"a":0,"k":0,"ix":6},"o":{"a":0,"k":100,"ix":7},"sk":{"a":0,"k":0,"ix":4},"sa":{"a":0,"k":0,"ix":5},"nm":"Transform"}],"nm":"Group 1","np":2,"cix":2,"bm":0,"ix":1,"mn":"ADBE Vector Group","hd":false},{"ty":"gr","it":[{"ind":0,"ty":"sh","ix":1,"ks":{"a":1,"k":[{"i":{"x":0.833,"y":0.833},"o":{"x":0.167,"y":0.167},"t":0,"s":[{"i":[[0,0],[0,0],[0,0]],"o":[[0,0],[0,0],[0,0]],"v":[[4.35,-16.964],[-21.746,16.31],[18.746,23.964]],"c":false}]},{"i":{"x":0.833,"y":0.833},"o":{"x":0.167,"y":0.167},"t":15,"s":[{"i":[[0,0],[0,0],[0,0]],"o":[[0,0],[0,0],[0,0]],"v":[[9.35,-21.964],[-21.746,11.31],[18.746,18.964]],"c":false}]},{"i":{"x":0.833,"y":0.833},"o":{"x":0.167,"y":0.167},"t":30,"s":[{"i":[[0,0],[0,0],[0,0]],"o":[[0,0],[0,0],[0,0]],"v":[[4.35,-16.964],[-21.746,16.31],[18.746,23.964]],"c":false}]},{"i":{"x":0.833,"y":0.833},"o":{"x":0.167,"y":0.167},"t":45,"s":[{"i":[[0,0],[0,0],[0,0]],"o":[[0,0],[0,0],[0,0]],"v":[[9.35,-21.964],[-21.746,11.31],[18.746,18.964]],"c":false}]},{"t":60,"s":[{"i":[[0,0],[0,0],[0,0]],"o":[[0,0],[0,0],[0,0]],"v":[[4.35,-16.964],[-21.746,16.31],[18.746,23.964]],"c":false}]}],"ix":2},"nm":"Path 1","mn":"ADBE Vector Shape - Group","hd":false},{"ty":"st","c":{"a":0,"k":[0,0,0,1],"ix":3},"o":{"a":0,"k":100,"ix":4},"w":{"a":0,"k":12.202,"ix":5},"lc":2,"lj":2,"bm":0,"nm":"Stroke 1","mn":"ADBE Vector Graphic - Stroke","hd":false},{"ty":"tr","p":{"a":0,"k":[134.462,52.469],"ix":2},"a":{"a":0,"k":[0,0],"ix":1},"s":{"a":0,"k":[100,100],"ix":3},"r":{"a":0,"k":0,"ix":6},"o":{"a":0,"k":100,"ix":7},"sk":{"a":0,"k":0,"ix":4},"sa":{"a":0,"k":0,"ix":5},"nm":"Transform"}],"nm":"Group 2","np":2,"cix":2,"bm":0,"ix":2,"mn":"ADBE Vector Group","hd":false}],"ip":0,"op":60,"st":0,"bm":0},{"ddd":0,"ind":2,"ty":4,"nm":"Layer 3 Outlines","sr":1,"ks":{"o":{"a":0,"k":100,"ix":11},"r":{"a":0,"k":0,"ix":10},"p":{"a":1,"k":[{"i":{"x":0.833,"y":0.833},"o":{"x":0.167,"y":0.167},"t":0,"s":[403.635,420.257,0],"to":[0,-1.667,0],"ti":[0,0,0]},{"i":{"x":0.833,"y":0.833},"o":{"x":0.167,"y":0.167},"t":15,"s":[403.635,410.257,0],"to":[0,0,0],"ti":[0,0,0]},{"i":{"x":0.833,"y":0.833},"o":{"x":0.167,"y":0.167},"t":30,"s":[403.635,420.257,0],"to":[0,0,0],"ti":[0,0,0]},{"i":{"x":0.833,"y":0.833},"o":{"x":0.167,"y":0.167},"t":45,"s":[403.635,410.257,0],"to":[0,0,0],"ti":[0,-1.667,0]},{"t":60,"s":[403.635,420.257,0]}],"ix":2},"a":{"a":0,"k":[32.58,28.956,0],"ix":1},"s":{"a":0,"k":[100,100,100],"ix":6}},"ao":0,"shapes":[{"ty":"gr","it":[{"ind":0,"ty":"sh","ix":1,"ks":{"a":1,"k":[{"i":{"x":0.833,"y":0.833},"o":{"x":0.167,"y":0.167},"t":0,"s":[{"i":[[-22.232,1.111],[0.58,-28.707],[13.338,-0.044],[0,18.615]],"o":[[22.026,-1.101],[-0.58,28.705],[-13.338,0.043],[0,-18.846]],"v":[[-5.944,-24.936],[31.75,0.001],[-2.624,24.124],[-32.33,5.509]],"c":true}]},{"i":{"x":0.833,"y":0.833},"o":{"x":0.167,"y":0.167},"t":5,"s":[{"i":[[-22.232,1.111],[0.58,-28.707],[13.338,-0.044],[0,18.615]],"o":[[22.026,-1.101],[-0.58,28.705],[-13.338,0.043],[0,-18.846]],"v":[[-5.944,-20.436],[28.75,0.001],[-2.624,20.374],[-29.58,5.509]],"c":true}]},{"i":{"x":0.833,"y":0.833},"o":{"x":0.167,"y":0.167},"t":10,"s":[{"i":[[-22.232,1.111],[0.58,-28.707],[13.338,-0.044],[0,18.615]],"o":[[22.026,-1.101],[-0.58,28.705],[-13.338,0.043],[0,-18.846]],"v":[[-5.944,-24.936],[31.75,0.001],[-2.624,24.124],[-32.33,5.509]],"c":true}]},{"i":{"x":0.833,"y":0.833},"o":{"x":0.167,"y":0.167},"t":15,"s":[{"i":[[-22.232,1.111],[0.58,-28.707],[13.338,-0.044],[0,18.615]],"o":[[22.026,-1.101],[-0.58,28.705],[-13.338,0.043],[0,-18.846]],"v":[[-5.944,-20.436],[28.75,0.001],[-2.624,20.374],[-29.58,5.509]],"c":true}]},{"i":{"x":0.833,"y":0.833},"o":{"x":0.167,"y":0.167},"t":20,"s":[{"i":[[-22.232,1.111],[0.58,-28.707],[13.338,-0.044],[0,18.615]],"o":[[22.026,-1.101],[-0.58,28.705],[-13.338,0.043],[0,-18.846]],"v":[[-5.944,-24.936],[31.75,0.001],[-2.624,24.124],[-32.33,5.509]],"c":true}]},{"i":{"x":0.833,"y":0.833},"o":{"x":0.167,"y":0.167},"t":25,"s":[{"i":[[-22.232,1.111],[0.58,-28.707],[13.338,-0.044],[0,18.615]],"o":[[22.026,-1.101],[-0.58,28.705],[-13.338,0.043],[0,-18.846]],"v":[[-5.944,-20.436],[28.75,0.001],[-2.624,20.374],[-29.58,5.509]],"c":true}]},{"i":{"x":0.833,"y":0.833},"o":{"x":0.167,"y":0.167},"t":30,"s":[{"i":[[-22.232,1.111],[0.58,-28.707],[13.338,-0.044],[0,18.615]],"o":[[22.026,-1.101],[-0.58,28.705],[-13.338,0.043],[0,-18.846]],"v":[[-5.944,-24.936],[31.75,0.001],[-2.624,24.124],[-32.33,5.509]],"c":true}]},{"i":{"x":0.833,"y":0.833},"o":{"x":0.167,"y":0.167},"t":35,"s":[{"i":[[-22.232,1.111],[0.58,-28.707],[13.338,-0.044],[0,18.615]],"o":[[22.026,-1.101],[-0.58,28.705],[-13.338,0.043],[0,-18.846]],"v":[[-5.944,-20.436],[28.75,0.001],[-2.624,20.374],[-29.58,5.509]],"c":true}]},{"i":{"x":0.833,"y":0.833},"o":{"x":0.167,"y":0.167},"t":40,"s":[{"i":[[-22.232,1.111],[0.58,-28.707],[13.338,-0.044],[0,18.615]],"o":[[22.026,-1.101],[-0.58,28.705],[-13.338,0.043],[0,-18.846]],"v":[[-5.944,-24.936],[31.75,0.001],[-2.624,24.124],[-32.33,5.509]],"c":true}]},{"i":{"x":0.833,"y":0.833},"o":{"x":0.167,"y":0.167},"t":45,"s":[{"i":[[-22.232,1.111],[0.58,-28.707],[13.338,-0.044],[0,18.615]],"o":[[22.026,-1.101],[-0.58,28.705],[-13.338,0.043],[0,-18.846]],"v":[[-5.944,-20.436],[28.75,0.001],[-2.624,20.374],[-29.58,5.509]],"c":true}]},{"i":{"x":0.833,"y":0.833},"o":{"x":0.167,"y":0.167},"t":50,"s":[{"i":[[-22.232,1.111],[0.58,-28.707],[13.338,-0.044],[0,18.615]],"o":[[22.026,-1.101],[-0.58,28.705],[-13.338,0.043],[0,-18.846]],"v":[[-5.944,-24.936],[31.75,0.001],[-2.624,24.124],[-32.33,5.509]],"c":true}]},{"i":{"x":0.833,"y":0.833},"o":{"x":0.167,"y":0.167},"t":55,"s":[{"i":[[-22.232,1.111],[0.58,-28.707],[13.338,-0.044],[0,18.615]],"o":[[22.026,-1.101],[-0.58,28.705],[-13.338,0.043],[0,-18.846]],"v":[[-5.944,-20.436],[28.75,0.001],[-2.624,20.374],[-29.58,5.509]],"c":true}]},{"t":60,"s":[{"i":[[-22.232,1.111],[0.58,-28.707],[13.338,-0.044],[0,18.615]],"o":[[22.026,-1.101],[-0.58,28.705],[-13.338,0.043],[0,-18.846]],"v":[[-5.944,-24.936],[31.75,0.001],[-2.624,24.124],[-32.33,5.509]],"c":true}]}],"ix":2},"nm":"Path 1","mn":"ADBE Vector Shape - Group","hd":false},{"ty":"fl","c":{"a":0,"k":[0.999999820485,0.999999760646,0.999999820485,1],"ix":4},"o":{"a":0,"k":100,"ix":5},"r":1,"bm":0,"nm":"Fill 1","mn":"ADBE Vector Graphic - Fill","hd":false},{"ty":"tr","p":{"a":0,"k":[32.58,28.956],"ix":2},"a":{"a":0,"k":[0,0],"ix":1},"s":{"a":0,"k":[100,100],"ix":3},"r":{"a":0,"k":0,"ix":6},"o":{"a":0,"k":100,"ix":7},"sk":{"a":0,"k":0,"ix":4},"sa":{"a":0,"k":0,"ix":5},"nm":"Transform"}],"nm":"Group 1","np":4,"cix":2,"bm":0,"ix":1,"mn":"ADBE Vector Group","hd":false}],"ip":0,"op":60,"st":0,"bm":0},{"ddd":0,"ind":3,"ty":4,"nm":"Layer 10 Outlines","sr":1,"ks":{"o":{"a":0,"k":100,"ix":11},"r":{"a":0,"k":0,"ix":10},"p":{"a":0,"k":[399.717,136.131,0],"ix":2},"a":{"a":0,"k":[90.949,65.289,0],"ix":1},"s":{"a":0,"k":[100,100,100],"ix":6}},"ao":0,"shapes":[{"ty":"gr","it":[{"ind":0,"ty":"sh","ix":1,"ks":{"a":1,"k":[{"i":{"x":0.833,"y":0.833},"o":{"x":0.167,"y":0.167},"t":0,"s":[{"i":[[0,0],[-53.262,-66.015]],"o":[[0,0],[0,0]],"v":[[-66.544,-40.884],[65.544,41.884]],"c":false}]},{"i":{"x":0.833,"y":0.833},"o":{"x":0.167,"y":0.167},"t":15,"s":[{"i":[[0,0],[-52.762,-67.515]],"o":[[0,0],[0,0]],"v":[[-66.544,-60.884],[66.545,28.884]],"c":false}]},{"i":{"x":0.833,"y":0.833},"o":{"x":0.167,"y":0.167},"t":30,"s":[{"i":[[0,0],[-53.262,-66.015]],"o":[[0,0],[0,0]],"v":[[-66.544,-40.884],[65.544,41.884]],"c":false}]},{"i":{"x":0.833,"y":0.833},"o":{"x":0.167,"y":0.167},"t":45,"s":[{"i":[[0,0],[-52.762,-67.515]],"o":[[0,0],[0,0]],"v":[[-66.544,-60.884],[66.545,28.884]],"c":false}]},{"t":60,"s":[{"i":[[0,0],[-53.262,-66.015]],"o":[[0,0],[0,0]],"v":[[-66.544,-40.884],[65.544,41.884]],"c":false}]}],"ix":2},"nm":"Path 1","mn":"ADBE Vector Shape - Group","hd":false},{"ty":"st","c":{"a":0,"k":[0.999999820485,0.999999760646,0.999999820485,1],"ix":3},"o":{"a":0,"k":100,"ix":4},"w":{"a":0,"k":9.762,"ix":5},"lc":2,"lj":2,"bm":0,"nm":"Stroke 1","mn":"ADBE Vector Graphic - Stroke","hd":false},{"ty":"tr","p":{"a":0,"k":[90.949,85.289],"ix":2},"a":{"a":0,"k":[0,0],"ix":1},"s":{"a":0,"k":[100,100],"ix":3},"r":{"a":0,"k":0,"ix":6},"o":{"a":0,"k":100,"ix":7},"sk":{"a":0,"k":0,"ix":4},"sa":{"a":0,"k":0,"ix":5},"nm":"Transform"}],"nm":"Group 2","np":2,"cix":2,"bm":0,"ix":1,"mn":"ADBE Vector Group","hd":false},{"ty":"tm","s":{"a":0,"k":0,"ix":1},"e":{"a":1,"k":[{"i":{"x":[0.833],"y":[0.833]},"o":{"x":[0.167],"y":[0.167]},"t":0,"s":[100]},{"i":{"x":[0.833],"y":[0.833]},"o":{"x":[0.167],"y":[0.167]},"t":15,"s":[80]},{"i":{"x":[0.833],"y":[0.833]},"o":{"x":[0.167],"y":[0.167]},"t":30,"s":[100]},{"i":{"x":[0.833],"y":[0.833]},"o":{"x":[0.167],"y":[0.167]},"t":45,"s":[80]},{"t":60,"s":[100]}],"ix":2},"o":{"a":0,"k":0,"ix":3},"m":1,"ix":2,"nm":"Trim Paths 1","mn":"ADBE Vector Filter - Trim","hd":false}],"ip":0,"op":60,"st":0,"bm":0},{"ddd":0,"ind":4,"ty":4,"nm":"Layer 6 Outlines","sr":1,"ks":{"o":{"a":0,"k":100,"ix":11},"r":{"a":0,"k":0,"ix":10},"p":{"a":0,"k":[444.088,643.758,0],"ix":2},"a":{"a":0,"k":[61.236,130.528,0],"ix":1},"s":{"a":0,"k":[100,100,100],"ix":6}},"ao":0,"shapes":[{"ty":"gr","it":[{"ind":0,"ty":"sh","ix":1,"ks":{"a":1,"k":[{"i":{"x":0.833,"y":0.833},"o":{"x":0.167,"y":0.167},"t":0,"s":[{"i":[[0,0],[0,0],[0,0],[0,0]],"o":[[0,0],[0,0],[0,0],[0,0]],"v":[[19.133,-92.023],[-17.232,8.957],[-47.77,97.149],[-74.866,86.324]],"c":false}]},{"i":{"x":0.833,"y":0.833},"o":{"x":0.167,"y":0.167},"t":5,"s":[{"i":[[0,0],[0,0],[0,0],[0,0]],"o":[[0,0],[0,0],[0,0],[0,0]],"v":[[19.133,-96.69],[-17.232,7.29],[-32.27,97.212],[-59.323,97.616]],"c":false}]},{"i":{"x":0.833,"y":0.833},"o":{"x":0.167,"y":0.167},"t":15,"s":[{"i":[[0,0],[0,0],[0,0],[0,0]],"o":[[0,0],[0,0],[0,0],[0,0]],"v":[[19.133,-104.023],[2.768,3.957],[-1.27,97.338],[-27.906,97.701]],"c":false}]},{"i":{"x":0.833,"y":0.833},"o":{"x":0.167,"y":0.167},"t":25,"s":[{"i":[[0,0],[0,0],[0,0],[0,0]],"o":[[0,0],[0,0],[0,0],[0,0]],"v":[[19.133,-94.69],[19.435,9.29],[29.73,97.465],[3.445,97.952]],"c":false}]},{"i":{"x":0.833,"y":0.833},"o":{"x":0.167,"y":0.167},"t":30,"s":[{"i":[[0,0],[0,0],[0,0],[0,0]],"o":[[0,0],[0,0],[0,0],[0,0]],"v":[[19.133,-92.023],[7.768,11.957],[45.23,87.528],[19.121,98.078]],"c":false}]},{"i":{"x":0.833,"y":0.833},"o":{"x":0.167,"y":0.167},"t":45,"s":[{"i":[[0,0],[0,0],[0,0],[0,0]],"o":[[0,0],[0,0],[0,0],[0,0]],"v":[[19.133,-100.299],[-25.926,-9.819],[26.942,57.335],[17.332,84.101]],"c":false}]},{"t":60,"s":[{"i":[[0,0],[0,0],[0,0],[0,0]],"o":[[0,0],[0,0],[0,0],[0,0]],"v":[[19.133,-92.023],[-17.232,8.957],[-47.77,97.149],[-74.866,86.324]],"c":false}]}],"ix":2},"nm":"Path 1","mn":"ADBE Vector Shape - Group","hd":false},{"ty":"st","c":{"a":0,"k":[0,0,0,1],"ix":3},"o":{"a":0,"k":100,"ix":4},"w":{"a":0,"k":12.202,"ix":5},"lc":2,"lj":2,"bm":0,"nm":"Stroke 1","mn":"ADBE Vector Graphic - Stroke","hd":false},{"ty":"tr","p":{"a":0,"k":[61.236,130.529],"ix":2},"a":{"a":0,"k":[0,0],"ix":1},"s":{"a":0,"k":[100,100],"ix":3},"r":{"a":0,"k":0,"ix":6},"o":{"a":0,"k":100,"ix":7},"sk":{"a":0,"k":0,"ix":4},"sa":{"a":0,"k":0,"ix":5},"nm":"Transform"}],"nm":"Group 1","np":2,"cix":2,"bm":0,"ix":1,"mn":"ADBE Vector Group","hd":false}],"ip":0,"op":60,"st":0,"bm":0},{"ddd":0,"ind":5,"ty":4,"nm":"Layer 7 Outlines","sr":1,"ks":{"o":{"a":0,"k":100,"ix":11},"r":{"a":0,"k":0,"ix":10},"p":{"a":0,"k":[570.649,450.88,0],"ix":2},"a":{"a":0,"k":[76.173,81.359,0],"ix":1},"s":{"a":0,"k":[100,100,100],"ix":6}},"ao":0,"shapes":[{"ty":"gr","it":[{"ind":0,"ty":"sh","ix":1,"ks":{"a":1,"k":[{"i":{"x":0.833,"y":0.833},"o":{"x":0.167,"y":0.167},"t":0,"s":[{"i":[[0,-7.207],[9.968,0],[0,11.599],[-9.969,0]],"o":[[0,7.206],[-9.969,0],[0,-12.033],[9.969,0]],"v":[[2.05,-13.392],[-16.869,1.396],[-34.05,-10.348],[-16,-23.396]],"c":true}]},{"i":{"x":0.833,"y":0.833},"o":{"x":0.167,"y":0.167},"t":15,"s":[{"i":[[0,-7.207],[9.968,0],[0,11.599],[-9.969,0]],"o":[[0,7.206],[-9.969,0],[0,-12.033],[9.969,0]],"v":[[2.026,-2.767],[-16.893,12.021],[-34.074,0.277],[-16.024,-12.771]],"c":true}]},{"i":{"x":0.833,"y":0.833},"o":{"x":0.167,"y":0.167},"t":30,"s":[{"i":[[0,-7.207],[9.968,0],[0,11.599],[-9.969,0]],"o":[[0,7.206],[-9.969,0],[0,-12.033],[9.969,0]],"v":[[2.05,-13.392],[-16.869,1.396],[-34.05,-10.348],[-16,-23.396]],"c":true}]},{"i":{"x":0.833,"y":0.833},"o":{"x":0.167,"y":0.167},"t":45,"s":[{"i":[[0,-7.207],[9.968,0],[0,11.599],[-9.969,0]],"o":[[0,7.206],[-9.969,0],[0,-12.033],[9.969,0]],"v":[[2.026,-2.767],[-16.893,12.021],[-34.074,0.277],[-16.024,-12.771]],"c":true}]},{"t":60,"s":[{"i":[[0,-7.207],[9.968,0],[0,11.599],[-9.969,0]],"o":[[0,7.206],[-9.969,0],[0,-12.033],[9.969,0]],"v":[[2.05,-13.392],[-16.869,1.396],[-34.05,-10.348],[-16,-23.396]],"c":true}]}],"ix":2},"nm":"Path 1","mn":"ADBE Vector Shape - Group","hd":false},{"ty":"fl","c":{"a":0,"k":[0,0,0,1],"ix":4},"o":{"a":0,"k":100,"ix":5},"r":1,"bm":0,"nm":"Fill 1","mn":"ADBE Vector Graphic - Fill","hd":false},{"ty":"tr","p":{"a":0,"k":[121.841,142.869],"ix":2},"a":{"a":0,"k":[0,0],"ix":1},"s":{"a":0,"k":[100,100],"ix":3},"r":{"a":0,"k":0,"ix":6},"o":{"a":0,"k":100,"ix":7},"sk":{"a":0,"k":0,"ix":4},"sa":{"a":0,"k":0,"ix":5},"nm":"Transform"}],"nm":"Group 1","np":4,"cix":2,"bm":0,"ix":1,"mn":"ADBE Vector Group","hd":false},{"ty":"gr","it":[{"ind":0,"ty":"sh","ix":1,"ks":{"a":1,"k":[{"i":{"x":0.833,"y":0.833},"o":{"x":0.167,"y":0.167},"t":0,"s":[{"i":[[0,0],[0,0],[0,0]],"o":[[0,0],[0,0],[0,0]],"v":[[-45.668,-50.854],[29.668,-40.9],[29.668,39.854]],"c":false}]},{"i":{"x":0.833,"y":0.833},"o":{"x":0.167,"y":0.167},"t":15,"s":[{"i":[[0,0],[0,0],[0,0]],"o":[[0,0],[0,0],[0,0]],"v":[[-45.668,-60.854],[29.668,-29.9],[29.668,50.854]],"c":false}]},{"i":{"x":0.833,"y":0.833},"o":{"x":0.167,"y":0.167},"t":30,"s":[{"i":[[0,0],[0,0],[0,0]],"o":[[0,0],[0,0],[0,0]],"v":[[-45.668,-50.854],[29.668,-40.9],[29.668,39.854]],"c":false}]},{"i":{"x":0.833,"y":0.833},"o":{"x":0.167,"y":0.167},"t":45,"s":[{"i":[[0,0],[0,0],[0,0]],"o":[[0,0],[0,0],[0,0]],"v":[[-45.668,-60.854],[29.668,-29.9],[29.668,50.854]],"c":false}]},{"t":60,"s":[{"i":[[0,0],[0,0],[0,0]],"o":[[0,0],[0,0],[0,0]],"v":[[-45.668,-50.854],[29.668,-40.9],[29.668,39.854]],"c":false}]}],"ix":2},"nm":"Path 1","mn":"ADBE Vector Shape - Group","hd":false},{"ty":"st","c":{"a":0,"k":[0,0,0,1],"ix":3},"o":{"a":0,"k":100,"ix":4},"w":{"a":0,"k":12.202,"ix":5},"lc":2,"lj":2,"bm":0,"nm":"Stroke 1","mn":"ADBE Vector Graphic - Stroke","hd":false},{"ty":"tr","p":{"a":0,"k":[76.173,81.359],"ix":2},"a":{"a":0,"k":[0,0],"ix":1},"s":{"a":0,"k":[100,100],"ix":3},"r":{"a":0,"k":0,"ix":6},"o":{"a":0,"k":100,"ix":7},"sk":{"a":0,"k":0,"ix":4},"sa":{"a":0,"k":0,"ix":5},"nm":"Transform"}],"nm":"Group 2","np":2,"cix":2,"bm":0,"ix":2,"mn":"ADBE Vector Group","hd":false}],"ip":0,"op":60,"st":0,"bm":0},{"ddd":0,"ind":6,"ty":4,"nm":"Layer 1 Outlines","sr":1,"ks":{"o":{"a":0,"k":100,"ix":11},"r":{"a":0,"k":0,"ix":10},"p":{"a":1,"k":[{"i":{"x":0.833,"y":0.833},"o":{"x":0.167,"y":0.167},"t":0,"s":[355.618,346.498,0],"to":[0,0,0],"ti":[0,0,0]},{"i":{"x":0.833,"y":0.833},"o":{"x":0.167,"y":0.167},"t":15,"s":[355.618,346.498,0],"to":[0,0,0],"ti":[0,0,0]},{"i":{"x":0.833,"y":0.833},"o":{"x":0.167,"y":0.167},"t":30,"s":[355.618,346.498,0],"to":[0,0,0],"ti":[0,0,0]},{"i":{"x":0.833,"y":0.833},"o":{"x":0.167,"y":0.167},"t":45,"s":[355.618,346.498,0],"to":[0,0,0],"ti":[0,0,0]},{"t":60,"s":[355.618,346.498,0]}],"ix":2},"a":{"a":0,"k":[193.455,306.517,0],"ix":1},"s":{"a":0,"k":[100,100,100],"ix":6}},"ao":0,"shapes":[{"ty":"gr","it":[{"ind":0,"ty":"sh","ix":1,"ks":{"a":1,"k":[{"i":{"x":0.833,"y":0.833},"o":{"x":0.167,"y":0.167},"t":0,"s":[{"i":[[-75.578,-79.032],[2.35,-99.199],[80.554,-23.659],[-0.132,-0.155],[2.604,-1.441],[-20.363,16.302],[2.879,51.854],[87.712,-37.844],[1.613,-0.263],[0,0]],"o":[[67.387,70.469],[-1.672,70.451],[0.13,0.153],[1.501,4.153],[19.125,5.341],[131.738,-105.461],[-14.004,-252.255],[-1.831,0.79],[0,0],[0,0]],"v":[[-1.731,-149.898],[97.923,75.659],[-58.249,299.182],[-57.859,299.641],[-60.669,308.469],[6.758,294.945],[152.5,41.602],[-150.154,-239.966],[-155.368,-238.577],[-155.379,-238.563]],"c":true}]},{"i":{"x":0.833,"y":0.833},"o":{"x":0.167,"y":0.167},"t":15,"s":[{"i":[[-75.578,-79.032],[2.35,-99.199],[80.554,-23.659],[-0.132,-0.155],[2.604,-1.441],[-20.363,16.302],[2.879,51.854],[87.712,-37.844],[1.613,-0.263],[0,0]],"o":[[67.387,70.469],[-1.672,70.451],[0.13,0.153],[1.501,4.153],[19.125,5.341],[131.738,-105.461],[-14.004,-252.255],[-1.831,0.79],[0,0],[0,0]],"v":[[-1.731,-173.898],[97.923,63.659],[-58.249,287.182],[-57.859,287.641],[-60.669,296.469],[6.758,282.945],[152.5,29.602],[-150.154,-263.966],[-155.368,-262.578],[-155.379,-262.563]],"c":true}]},{"i":{"x":0.833,"y":0.833},"o":{"x":0.167,"y":0.167},"t":30,"s":[{"i":[[-75.578,-79.032],[2.35,-99.199],[80.554,-23.659],[-0.132,-0.155],[2.604,-1.441],[-20.363,16.302],[2.879,51.854],[87.712,-37.844],[1.613,-0.263],[0,0]],"o":[[67.387,70.469],[-1.672,70.451],[0.13,0.153],[1.501,4.153],[19.125,5.341],[131.738,-105.461],[-14.004,-252.255],[-1.831,0.79],[0,0],[0,0]],"v":[[-1.731,-149.898],[97.923,75.659],[-58.249,299.182],[-57.859,299.641],[-60.669,308.469],[6.758,294.945],[152.5,41.602],[-150.154,-239.966],[-155.368,-238.577],[-155.379,-238.563]],"c":true}]},{"i":{"x":0.833,"y":0.833},"o":{"x":0.167,"y":0.167},"t":45,"s":[{"i":[[-75.578,-79.032],[2.35,-99.199],[80.554,-23.659],[-0.132,-0.155],[2.604,-1.441],[-20.363,16.302],[2.879,51.854],[87.712,-37.844],[1.613,-0.263],[0,0]],"o":[[67.387,70.469],[-1.672,70.451],[0.13,0.153],[1.501,4.153],[19.125,5.341],[131.738,-105.461],[-14.004,-252.255],[-1.831,0.79],[0,0],[0,0]],"v":[[-1.731,-173.898],[97.923,63.659],[-58.249,287.182],[-57.859,287.641],[-60.669,296.469],[6.758,282.945],[152.5,29.602],[-150.154,-263.966],[-155.368,-262.578],[-155.379,-262.563]],"c":true}]},{"t":60,"s":[{"i":[[-75.578,-79.032],[2.35,-99.199],[80.554,-23.659],[-0.132,-0.155],[2.604,-1.441],[-20.363,16.302],[2.879,51.854],[87.712,-37.844],[1.613,-0.263],[0,0]],"o":[[67.387,70.469],[-1.672,70.451],[0.13,0.153],[1.501,4.153],[19.125,5.341],[131.738,-105.461],[-14.004,-252.255],[-1.831,0.79],[0,0],[0,0]],"v":[[-1.731,-149.898],[97.923,75.659],[-58.249,299.182],[-57.859,299.641],[-60.669,308.469],[6.758,294.945],[152.5,41.602],[-150.154,-239.966],[-155.368,-238.577],[-155.379,-238.563]],"c":true}]}],"ix":2},"nm":"Path 1","mn":"ADBE Vector Shape - Group","hd":false},{"ty":"fl","c":{"a":0,"k":[0.960486976773,0.847564936619,0.09836214103,1],"ix":4},"o":{"a":0,"k":100,"ix":5},"r":1,"bm":0,"nm":"Fill 1","mn":"ADBE Vector Graphic - Fill","hd":false},{"ty":"tr","p":{"a":0,"k":[231.281,310.974],"ix":2},"a":{"a":0,"k":[0,0],"ix":1},"s":{"a":0,"k":[100,100],"ix":3},"r":{"a":0,"k":0,"ix":6},"o":{"a":0,"k":100,"ix":7},"sk":{"a":0,"k":0,"ix":4},"sa":{"a":0,"k":0,"ix":5},"nm":"Transform"}],"nm":"Group 1","np":4,"cix":2,"bm":0,"ix":1,"mn":"ADBE Vector Group","hd":false},{"ty":"gr","it":[{"ind":0,"ty":"sh","ix":1,"ks":{"a":1,"k":[{"i":{"x":0.833,"y":0.833},"o":{"x":0.167,"y":0.167},"t":0,"s":[{"i":[[2.336,-4.068],[-5.309,-4.27],[-3.592,8.441],[9.559,8.08],[2.61,-2.936]],"o":[[6.062,6.2],[8.091,1.577],[-4.813,-5.815],[-5.487,1.34],[-5.117,5.758]],"v":[[-19.332,28.715],[-2.364,44.142],[19.332,20.159],[1.793,2.281],[-7.138,6.99]],"c":true}]},{"i":{"x":0.833,"y":0.833},"o":{"x":0.167,"y":0.167},"t":15,"s":[{"i":[[2.336,-4.068],[-5.309,-4.27],[-3.592,8.441],[9.559,8.08],[2.61,-2.936]],"o":[[6.062,6.2],[8.091,1.577],[-4.813,-5.815],[-5.487,1.34],[-5.117,5.758]],"v":[[-19.332,4.715],[-2.364,20.142],[19.332,-3.841],[1.793,-21.719],[-7.138,-17.01]],"c":true}]},{"i":{"x":0.833,"y":0.833},"o":{"x":0.167,"y":0.167},"t":30,"s":[{"i":[[2.336,-4.068],[-5.309,-4.27],[-3.592,8.441],[9.559,8.08],[2.61,-2.936]],"o":[[6.062,6.2],[8.091,1.577],[-4.813,-5.815],[-5.487,1.34],[-5.117,5.758]],"v":[[-19.332,28.715],[-2.364,44.142],[19.332,20.159],[1.793,2.281],[-7.138,6.99]],"c":true}]},{"i":{"x":0.833,"y":0.833},"o":{"x":0.167,"y":0.167},"t":45,"s":[{"i":[[2.336,-4.068],[-5.309,-4.27],[-3.592,8.441],[9.559,8.08],[2.61,-2.936]],"o":[[6.062,6.2],[8.091,1.577],[-4.813,-5.815],[-5.487,1.34],[-5.117,5.758]],"v":[[-19.332,4.715],[-2.364,20.142],[19.332,-3.841],[1.793,-21.719],[-7.138,-17.01]],"c":true}]},{"t":60,"s":[{"i":[[2.336,-4.068],[-5.309,-4.27],[-3.592,8.441],[9.559,8.08],[2.61,-2.936]],"o":[[6.062,6.2],[8.091,1.577],[-4.813,-5.815],[-5.487,1.34],[-5.117,5.758]],"v":[[-19.332,28.715],[-2.364,44.142],[19.332,20.159],[1.793,2.281],[-7.138,6.99]],"c":true}]}],"ix":2},"nm":"Path 1","mn":"ADBE Vector Shape - Group","hd":false},{"ty":"fl","c":{"a":0,"k":[0.516574874579,0.366447269215,0.037233692992,1],"ix":4},"o":{"a":0,"k":100,"ix":5},"r":1,"bm":0,"nm":"Fill 1","mn":"ADBE Vector Graphic - Fill","hd":false},{"ty":"tr","p":{"a":0,"k":[19.582,21.969],"ix":2},"a":{"a":0,"k":[0,0],"ix":1},"s":{"a":0,"k":[100,100],"ix":3},"r":{"a":0,"k":0,"ix":6},"o":{"a":0,"k":100,"ix":7},"sk":{"a":0,"k":0,"ix":4},"sa":{"a":0,"k":0,"ix":5},"nm":"Transform"}],"nm":"Group 2","np":4,"cix":2,"bm":0,"ix":2,"mn":"ADBE Vector Group","hd":false},{"ty":"gr","it":[{"ind":0,"ty":"sh","ix":1,"ks":{"a":1,"k":[{"i":{"x":0.833,"y":0.833},"o":{"x":0.167,"y":0.167},"t":0,"s":[{"i":[[-6.487,-7.639],[4.366,-3.558],[7.12,8.695],[-4.972,3.022]],"o":[[7.68,9.044],[-4.365,3.559],[-7.121,-8.697],[8.413,-5.111]],"v":[[8.399,8.913],[11.256,26.027],[-8.958,16.676],[-9.417,-0.474]],"c":true}]},{"i":{"x":0.833,"y":0.833},"o":{"x":0.167,"y":0.167},"t":15,"s":[{"i":[[-6.487,-7.639],[4.366,-3.558],[7.12,8.695],[-4.972,3.022]],"o":[[7.68,9.044],[-4.365,3.559],[-7.121,-8.697],[8.413,-5.111]],"v":[[8.399,-3.087],[11.256,14.026],[-8.958,4.676],[-9.417,-12.474]],"c":true}]},{"i":{"x":0.833,"y":0.833},"o":{"x":0.167,"y":0.167},"t":30,"s":[{"i":[[-6.487,-7.639],[4.366,-3.558],[7.12,8.695],[-4.972,3.022]],"o":[[7.68,9.044],[-4.365,3.559],[-7.121,-8.697],[8.413,-5.111]],"v":[[8.399,8.914],[11.256,26.027],[-8.958,16.677],[-9.417,-0.474]],"c":true}]},{"i":{"x":0.833,"y":0.833},"o":{"x":0.167,"y":0.167},"t":45,"s":[{"i":[[-6.487,-7.639],[4.366,-3.558],[7.12,8.695],[-4.972,3.022]],"o":[[7.68,9.044],[-4.365,3.559],[-7.121,-8.697],[8.413,-5.111]],"v":[[8.399,-3.087],[11.256,14.026],[-8.958,4.676],[-9.417,-12.474]],"c":true}]},{"t":60,"s":[{"i":[[-6.487,-7.639],[4.366,-3.558],[7.12,8.695],[-4.972,3.022]],"o":[[7.68,9.044],[-4.365,3.559],[-7.121,-8.697],[8.413,-5.111]],"v":[[8.399,8.914],[11.256,26.027],[-8.958,16.677],[-9.417,-0.474]],"c":true}]}],"ix":2},"nm":"Path 1","mn":"ADBE Vector Shape - Group","hd":false},{"ty":"fl","c":{"a":0,"k":[0.516574874579,0.366447269215,0.037233692992,1],"ix":4},"o":{"a":0,"k":100,"ix":5},"r":1,"bm":0,"nm":"Fill 1","mn":"ADBE Vector Graphic - Fill","hd":false},{"ty":"tr","p":{"a":0,"k":[158.457,593.832],"ix":2},"a":{"a":0,"k":[0,0],"ix":1},"s":{"a":0,"k":[100,100],"ix":3},"r":{"a":0,"k":0,"ix":6},"o":{"a":0,"k":100,"ix":7},"sk":{"a":0,"k":0,"ix":4},"sa":{"a":0,"k":0,"ix":5},"nm":"Transform"}],"nm":"Group 3","np":4,"cix":2,"bm":0,"ix":3,"mn":"ADBE Vector Group","hd":false},{"ty":"gr","it":[{"ind":0,"ty":"sh","ix":1,"ks":{"a":1,"k":[{"i":{"x":0.833,"y":0.833},"o":{"x":0.167,"y":0.167},"t":0,"s":[{"i":[[2.879,51.854],[87.712,-37.844],[1.508,-0.271],[0.119,-0.02],[0,0],[33.347,30.584],[11.83,-3.84],[-17.026,-37.957],[-22.763,-29.269],[2.014,-51.659],[37.911,-73.289],[-12.908,-12.582],[-6.895,-1.926],[0.001,0],[-0.051,-0.014],[-1.64,-0.317],[-0.327,-0.06],[-0.35,-0.057],[-0.678,-0.092],[-0.064,-0.009],[-17.308,13.856]],"o":[[-14.004,-252.255],[-1.741,0.63],[-0.121,0.02],[0,0],[-17.199,2.791],[-5.689,12.618],[30.686,31.506],[13.094,29.189],[30.913,39.228],[-3.026,76.106],[-9.814,18.541],[3.916,3.818],[-0.001,0],[0.052,0.015],[1.538,0.425],[0.324,0.063],[0.346,0.062],[0.664,0.109],[0.064,0.007],[18.19,2.412],[131.738,-105.461]],"v":[[190.326,46.6],[-112.328,-234.969],[-117.176,-233.643],[-117.542,-233.579],[-117.544,-233.576],[-172.081,-281.726],[-193.205,-255.292],[-131.055,-188.37],[-58.841,-75.15],[12.81,82.788],[-42.004,250.366],[-39.437,304.744],[-22.84,313.466],[-22.842,313.467],[-22.685,313.509],[-17.916,314.622],[-16.942,314.808],[-15.898,314.985],[-13.885,315.287],[-13.694,315.314],[44.584,299.944]],"c":true}]},{"i":{"x":0.833,"y":0.833},"o":{"x":0.167,"y":0.167},"t":15,"s":[{"i":[[2.879,51.854],[87.712,-37.844],[1.508,-0.271],[0.119,-0.02],[0,0],[33.347,30.584],[11.83,-3.84],[-17.026,-37.957],[-22.763,-29.269],[2.014,-51.659],[37.911,-73.289],[-12.908,-12.582],[-6.895,-1.926],[0.001,0],[-0.051,-0.014],[-1.64,-0.317],[-0.327,-0.06],[-0.35,-0.057],[-0.678,-0.092],[-0.064,-0.009],[-17.308,13.856]],"o":[[-14.004,-252.255],[-1.741,0.63],[-0.121,0.02],[0,0],[-17.199,2.791],[-5.689,12.618],[30.686,31.506],[13.094,29.189],[30.913,39.228],[-3.026,76.106],[-9.814,18.541],[3.916,3.818],[-0.001,0],[0.052,0.015],[1.538,0.425],[0.324,0.063],[0.346,0.062],[0.664,0.109],[0.064,0.007],[18.19,2.412],[131.738,-105.461]],"v":[[190.326,34.6],[-112.328,-258.969],[-117.176,-257.643],[-117.542,-257.579],[-117.544,-257.576],[-172.081,-305.726],[-193.205,-279.292],[-131.055,-212.37],[-58.841,-99.15],[12.81,70.788],[-42.004,238.366],[-39.437,292.744],[-22.84,301.466],[-22.842,301.467],[-22.685,301.509],[-17.916,302.622],[-16.942,302.808],[-15.898,302.985],[-13.885,303.287],[-13.694,303.314],[44.584,287.944]],"c":true}]},{"i":{"x":0.833,"y":0.833},"o":{"x":0.167,"y":0.167},"t":30,"s":[{"i":[[2.879,51.854],[87.712,-37.844],[1.508,-0.271],[0.119,-0.02],[0,0],[33.347,30.584],[11.83,-3.84],[-17.026,-37.957],[-22.763,-29.269],[2.014,-51.659],[37.911,-73.289],[-12.908,-12.582],[-6.895,-1.926],[0.001,0],[-0.051,-0.014],[-1.64,-0.317],[-0.327,-0.06],[-0.35,-0.057],[-0.678,-0.092],[-0.064,-0.009],[-17.308,13.856]],"o":[[-14.004,-252.255],[-1.741,0.63],[-0.121,0.02],[0,0],[-17.199,2.791],[-5.689,12.618],[30.686,31.506],[13.094,29.189],[30.913,39.228],[-3.026,76.106],[-9.814,18.541],[3.916,3.818],[-0.001,0],[0.052,0.015],[1.538,0.425],[0.324,0.063],[0.346,0.062],[0.664,0.109],[0.064,0.007],[18.19,2.412],[131.738,-105.461]],"v":[[190.326,46.6],[-112.328,-234.969],[-117.176,-233.643],[-117.542,-233.579],[-117.544,-233.576],[-172.081,-281.726],[-193.205,-255.292],[-131.055,-188.37],[-58.841,-75.15],[12.81,82.788],[-42.004,250.366],[-39.437,304.744],[-22.84,313.466],[-22.842,313.467],[-22.685,313.509],[-17.916,314.622],[-16.942,314.808],[-15.898,314.985],[-13.885,315.287],[-13.694,315.314],[44.584,299.944]],"c":true}]},{"i":{"x":0.833,"y":0.833},"o":{"x":0.167,"y":0.167},"t":45,"s":[{"i":[[2.879,51.854],[87.712,-37.844],[1.508,-0.271],[0.119,-0.02],[0,0],[33.347,30.584],[11.83,-3.84],[-17.026,-37.957],[-22.763,-29.269],[2.014,-51.659],[37.911,-73.289],[-12.908,-12.582],[-6.895,-1.926],[0.001,0],[-0.051,-0.014],[-1.64,-0.317],[-0.327,-0.06],[-0.35,-0.057],[-0.678,-0.092],[-0.064,-0.009],[-17.308,13.856]],"o":[[-14.004,-252.255],[-1.741,0.63],[-0.121,0.02],[0,0],[-17.199,2.791],[-5.689,12.618],[30.686,31.506],[13.094,29.189],[30.913,39.228],[-3.026,76.106],[-9.814,18.541],[3.916,3.818],[-0.001,0],[0.052,0.015],[1.538,0.425],[0.324,0.063],[0.346,0.062],[0.664,0.109],[0.064,0.007],[18.19,2.412],[131.738,-105.461]],"v":[[190.326,34.6],[-112.328,-258.969],[-117.176,-257.643],[-117.542,-257.579],[-117.544,-257.576],[-172.081,-305.726],[-193.205,-279.292],[-131.055,-212.37],[-58.841,-99.15],[12.81,70.788],[-42.004,238.366],[-39.437,292.744],[-22.84,301.466],[-22.842,301.467],[-22.685,301.509],[-17.916,302.622],[-16.942,302.808],[-15.898,302.985],[-13.885,303.287],[-13.694,303.314],[44.584,287.944]],"c":true}]},{"t":60,"s":[{"i":[[2.879,51.854],[87.712,-37.844],[1.508,-0.271],[0.119,-0.02],[0,0],[33.347,30.584],[11.83,-3.84],[-17.026,-37.957],[-22.763,-29.269],[2.014,-51.659],[37.911,-73.289],[-12.908,-12.582],[-6.895,-1.926],[0.001,0],[-0.051,-0.014],[-1.64,-0.317],[-0.327,-0.06],[-0.35,-0.057],[-0.678,-0.092],[-0.064,-0.009],[-17.308,13.856]],"o":[[-14.004,-252.255],[-1.741,0.63],[-0.121,0.02],[0,0],[-17.199,2.791],[-5.689,12.618],[30.686,31.506],[13.094,29.189],[30.913,39.228],[-3.026,76.106],[-9.814,18.541],[3.916,3.818],[-0.001,0],[0.052,0.015],[1.538,0.425],[0.324,0.063],[0.346,0.062],[0.664,0.109],[0.064,0.007],[18.19,2.412],[131.738,-105.461]],"v":[[190.326,46.6],[-112.328,-234.969],[-117.176,-233.643],[-117.542,-233.579],[-117.544,-233.576],[-172.081,-281.726],[-193.205,-255.292],[-131.055,-188.37],[-58.841,-75.15],[12.81,82.788],[-42.004,250.366],[-39.437,304.744],[-22.84,313.466],[-22.842,313.467],[-22.685,313.509],[-17.916,314.622],[-16.942,314.808],[-15.898,314.985],[-13.885,315.287],[-13.694,315.314],[44.584,299.944]],"c":true}]}],"ix":2},"nm":"Path 1","mn":"ADBE Vector Shape - Group","hd":false},{"ty":"fl","c":{"a":0,"k":[0.918169866824,0.751028322706,0.015289851731,1],"ix":4},"o":{"a":0,"k":100,"ix":5},"r":1,"bm":0,"nm":"Fill 1","mn":"ADBE Vector Graphic - Fill","hd":false},{"ty":"tr","p":{"a":0,"k":[193.455,305.976],"ix":2},"a":{"a":0,"k":[0,0],"ix":1},"s":{"a":0,"k":[100,100],"ix":3},"r":{"a":0,"k":0,"ix":6},"o":{"a":0,"k":100,"ix":7},"sk":{"a":0,"k":0,"ix":4},"sa":{"a":0,"k":0,"ix":5},"nm":"Transform"}],"nm":"Group 4","np":4,"cix":2,"bm":0,"ix":4,"mn":"ADBE Vector Group","hd":false}],"ip":0,"op":60,"st":0,"bm":0},{"ddd":0,"ind":7,"ty":4,"nm":"Layer 6 Outlines 2","sr":1,"ks":{"o":{"a":0,"k":100,"ix":11},"r":{"a":0,"k":0,"ix":10},"p":{"a":0,"k":[344.088,643.758,0],"ix":2},"a":{"a":0,"k":[61.236,130.528,0],"ix":1},"s":{"a":0,"k":[100,100,100],"ix":6}},"ao":0,"shapes":[{"ty":"gr","it":[{"ind":0,"ty":"sh","ix":1,"ks":{"a":1,"k":[{"i":{"x":0.833,"y":0.833},"o":{"x":0.167,"y":0.167},"t":0,"s":[{"i":[[0,0],[0,0],[0,0],[0,0]],"o":[[0,0],[0,0],[0,0],[0,0]],"v":[[19.133,-92.023],[7.768,11.957],[45.23,87.528],[19.121,98.078]],"c":false}]},{"i":{"x":0.833,"y":0.833},"o":{"x":0.167,"y":0.167},"t":15,"s":[{"i":[[0,0],[0,0],[0,0],[0,0]],"o":[[0,0],[0,0],[0,0],[0,0]],"v":[[19.133,-100.299],[-25.926,-9.819],[26.942,57.335],[17.332,84.101]],"c":false}]},{"i":{"x":0.833,"y":0.833},"o":{"x":0.167,"y":0.167},"t":30,"s":[{"i":[[0,0],[0,0],[0,0],[0,0]],"o":[[0,0],[0,0],[0,0],[0,0]],"v":[[19.133,-92.023],[-17.232,8.957],[-47.77,97.149],[-74.866,86.324]],"c":false}]},{"i":{"x":0.833,"y":0.833},"o":{"x":0.167,"y":0.167},"t":35,"s":[{"i":[[0,0],[0,0],[0,0],[0,0]],"o":[[0,0],[0,0],[0,0],[0,0]],"v":[[19.133,-96.69],[-17.232,7.29],[-32.27,97.212],[-59.323,97.616]],"c":false}]},{"i":{"x":0.833,"y":0.833},"o":{"x":0.167,"y":0.167},"t":45,"s":[{"i":[[0,0],[0,0],[0,0],[0,0]],"o":[[0,0],[0,0],[0,0],[0,0]],"v":[[19.133,-104.023],[2.768,3.957],[-1.27,97.338],[-27.906,97.701]],"c":false}]},{"i":{"x":0.833,"y":0.833},"o":{"x":0.167,"y":0.167},"t":55,"s":[{"i":[[0,0],[0,0],[0,0],[0,0]],"o":[[0,0],[0,0],[0,0],[0,0]],"v":[[19.133,-94.69],[19.435,9.29],[29.73,97.465],[3.445,97.952]],"c":false}]},{"t":60,"s":[{"i":[[0,0],[0,0],[0,0],[0,0]],"o":[[0,0],[0,0],[0,0],[0,0]],"v":[[19.133,-92.023],[7.768,11.957],[45.23,87.528],[19.121,98.078]],"c":false}]}],"ix":2},"nm":"Path 1","mn":"ADBE Vector Shape - Group","hd":false},{"ty":"st","c":{"a":0,"k":[0,0,0,1],"ix":3},"o":{"a":0,"k":100,"ix":4},"w":{"a":0,"k":12.202,"ix":5},"lc":2,"lj":2,"bm":0,"nm":"Stroke 1","mn":"ADBE Vector Graphic - Stroke","hd":false},{"ty":"tr","p":{"a":0,"k":[61.236,130.529],"ix":2},"a":{"a":0,"k":[0,0],"ix":1},"s":{"a":0,"k":[100,100],"ix":3},"r":{"a":0,"k":0,"ix":6},"o":{"a":0,"k":100,"ix":7},"sk":{"a":0,"k":0,"ix":4},"sa":{"a":0,"k":0,"ix":5},"nm":"Transform"}],"nm":"Group 1","np":2,"cix":2,"bm":0,"ix":1,"mn":"ADBE Vector Group","hd":false}],"ip":0,"op":60,"st":0,"bm":0},{"ddd":0,"ind":8,"ty":4,"nm":"Layer 8 Outlines","sr":1,"ks":{"o":{"a":0,"k":100,"ix":11},"r":{"a":0,"k":0,"ix":10},"p":{"a":0,"k":[337.852,450.88,0],"ix":2},"a":{"a":0,"k":[76.173,81.359,0],"ix":1},"s":{"a":0,"k":[100,100,100],"ix":6}},"ao":0,"shapes":[{"ty":"gr","it":[{"ind":0,"ty":"sh","ix":1,"ks":{"a":1,"k":[{"i":{"x":0.833,"y":0.833},"o":{"x":0.167,"y":0.167},"t":0,"s":[{"i":[[0,-7.207],[-9.969,0],[0,11.599],[9.969,0]],"o":[[0,7.206],[9.968,0],[0,-12.033],[-9.969,0]],"v":[[-10.05,-11.642],[8.87,3.146],[26.05,-8.598],[8,-21.646]],"c":true}]},{"i":{"x":0.833,"y":0.833},"o":{"x":0.167,"y":0.167},"t":15,"s":[{"i":[[0,-7.207],[-9.969,0],[0,11.599],[9.969,0]],"o":[[0,7.206],[9.968,0],[0,-12.033],[-9.969,0]],"v":[[-8.05,-2.392],[10.87,12.396],[28.05,0.652],[10,-12.396]],"c":true}]},{"i":{"x":0.833,"y":0.833},"o":{"x":0.167,"y":0.167},"t":30,"s":[{"i":[[0,-7.207],[-9.969,0],[0,11.599],[9.969,0]],"o":[[0,7.206],[9.968,0],[0,-12.033],[-9.969,0]],"v":[[-10.05,-11.642],[8.87,3.146],[26.05,-8.598],[8,-21.646]],"c":true}]},{"i":{"x":0.833,"y":0.833},"o":{"x":0.167,"y":0.167},"t":45,"s":[{"i":[[0,-7.207],[-9.969,0],[0,11.599],[9.969,0]],"o":[[0,7.206],[9.968,0],[0,-12.033],[-9.969,0]],"v":[[-8.05,-2.392],[10.87,12.396],[28.05,0.652],[10,-12.396]],"c":true}]},{"t":60,"s":[{"i":[[0,-7.207],[-9.969,0],[0,11.599],[9.969,0]],"o":[[0,7.206],[9.968,0],[0,-12.033],[-9.969,0]],"v":[[-10.05,-11.642],[8.87,3.146],[26.05,-8.598],[8,-21.646]],"c":true}]}],"ix":2},"nm":"Path 1","mn":"ADBE Vector Shape - Group","hd":false},{"ty":"fl","c":{"a":0,"k":[0,0,0,1],"ix":4},"o":{"a":0,"k":100,"ix":5},"r":1,"bm":0,"nm":"Fill 1","mn":"ADBE Vector Graphic - Fill","hd":false},{"ty":"tr","p":{"a":0,"k":[30.505,142.869],"ix":2},"a":{"a":0,"k":[0,0],"ix":1},"s":{"a":0,"k":[100,100],"ix":3},"r":{"a":0,"k":0,"ix":6},"o":{"a":0,"k":100,"ix":7},"sk":{"a":0,"k":0,"ix":4},"sa":{"a":0,"k":0,"ix":5},"nm":"Transform"}],"nm":"Group 1","np":4,"cix":2,"bm":0,"ix":1,"mn":"ADBE Vector Group","hd":false},{"ty":"gr","it":[{"ind":0,"ty":"sh","ix":1,"ks":{"a":1,"k":[{"i":{"x":0.833,"y":0.833},"o":{"x":0.167,"y":0.167},"t":0,"s":[{"i":[[0,0],[0,0],[0,0]],"o":[[0,0],[0,0],[0,0]],"v":[[45.668,-50.854],[-37.668,-39.15],[-37.668,41.604]],"c":false}]},{"i":{"x":0.833,"y":0.833},"o":{"x":0.167,"y":0.167},"t":15,"s":[{"i":[[0,0],[0,0],[0,0]],"o":[[0,0],[0,0],[0,0]],"v":[[45.668,-58.354],[-35.668,-29.9],[-35.668,50.854]],"c":false}]},{"i":{"x":0.833,"y":0.833},"o":{"x":0.167,"y":0.167},"t":30,"s":[{"i":[[0,0],[0,0],[0,0]],"o":[[0,0],[0,0],[0,0]],"v":[[45.668,-50.854],[-37.668,-39.15],[-37.668,41.604]],"c":false}]},{"i":{"x":0.833,"y":0.833},"o":{"x":0.167,"y":0.167},"t":45,"s":[{"i":[[0,0],[0,0],[0,0]],"o":[[0,0],[0,0],[0,0]],"v":[[45.668,-58.354],[-35.668,-29.9],[-35.668,50.854]],"c":false}]},{"t":60,"s":[{"i":[[0,0],[0,0],[0,0]],"o":[[0,0],[0,0],[0,0]],"v":[[45.668,-50.854],[-37.668,-39.15],[-37.668,41.604]],"c":false}]}],"ix":2},"nm":"Path 1","mn":"ADBE Vector Shape - Group","hd":false},{"ty":"st","c":{"a":0,"k":[0,0,0,1],"ix":3},"o":{"a":0,"k":100,"ix":4},"w":{"a":0,"k":12.202,"ix":5},"lc":2,"lj":2,"bm":0,"nm":"Stroke 1","mn":"ADBE Vector Graphic - Stroke","hd":false},{"ty":"tr","p":{"a":0,"k":[76.173,81.359],"ix":2},"a":{"a":0,"k":[0,0],"ix":1},"s":{"a":0,"k":[100,100],"ix":3},"r":{"a":0,"k":0,"ix":6},"o":{"a":0,"k":100,"ix":7},"sk":{"a":0,"k":0,"ix":4},"sa":{"a":0,"k":0,"ix":5},"nm":"Transform"}],"nm":"Group 2","np":2,"cix":2,"bm":0,"ix":2,"mn":"ADBE Vector Group","hd":false}],"ip":0,"op":60,"st":0,"bm":0},{"ddd":0,"ind":9,"ty":4,"nm":"Layer 9 Outlines","sr":1,"ks":{"o":{"a":0,"k":20,"ix":11},"r":{"a":0,"k":0,"ix":10},"p":{"a":0,"k":[367.407,745.35,0],"ix":2},"a":{"a":0,"k":[135.271,13.705,0],"ix":1},"s":{"a":0,"k":[100,100,100],"ix":6}},"ao":0,"shapes":[{"ty":"gr","it":[{"ind":0,"ty":"sh","ix":1,"ks":{"a":1,"k":[{"i":{"x":0.833,"y":0.833},"o":{"x":0.167,"y":0.167},"t":0,"s":[{"i":[[0,-7.568],[74.708,0],[0,7.569],[-74.707,0]],"o":[[0,7.569],[-74.707,0],[0,-7.568],[74.708,0]],"v":[[135.271,-0.001],[0,13.704],[-159.27,0],[0,-13.704]],"c":true}]},{"i":{"x":0.833,"y":0.833},"o":{"x":0.167,"y":0.167},"t":15,"s":[{"i":[[0,-7.568],[74.708,0],[0,7.569],[-74.707,0]],"o":[[0,7.569],[-74.707,0],[0,-7.568],[74.708,0]],"v":[[135.271,-0.001],[0,13.704],[-135.27,-0.001],[0,-13.704]],"c":true}]},{"i":{"x":0.833,"y":0.833},"o":{"x":0.167,"y":0.167},"t":30,"s":[{"i":[[0,-7.568],[74.708,0],[0,7.569],[-74.707,0]],"o":[[0,7.569],[-74.707,0],[0,-7.568],[74.708,0]],"v":[[135.271,-0.001],[0,13.704],[-159.27,0],[0,-13.704]],"c":true}]},{"i":{"x":0.833,"y":0.833},"o":{"x":0.167,"y":0.167},"t":45,"s":[{"i":[[0,-7.568],[74.708,0],[0,7.569],[-74.707,0]],"o":[[0,7.569],[-74.707,0],[0,-7.568],[74.708,0]],"v":[[135.271,-0.001],[0,13.704],[-135.27,-0.001],[0,-13.704]],"c":true}]},{"t":60,"s":[{"i":[[0,-7.568],[74.708,0],[0,7.569],[-74.707,0]],"o":[[0,7.569],[-74.707,0],[0,-7.568],[74.708,0]],"v":[[135.271,-0.001],[0,13.704],[-159.27,0],[0,-13.704]],"c":true}]}],"ix":2},"nm":"Path 1","mn":"ADBE Vector Shape - Group","hd":false},{"ty":"fl","c":{"a":0,"k":[0.026188491373,0.021800510556,0.023205497218,1],"ix":4},"o":{"a":0,"k":100,"ix":5},"r":1,"bm":0,"nm":"Fill 1","mn":"ADBE Vector Graphic - Fill","hd":false},{"ty":"tr","p":{"a":0,"k":[135.271,13.705],"ix":2},"a":{"a":0,"k":[0,0],"ix":1},"s":{"a":0,"k":[100,100],"ix":3},"r":{"a":0,"k":0,"ix":6},"o":{"a":0,"k":100,"ix":7},"sk":{"a":0,"k":0,"ix":4},"sa":{"a":0,"k":0,"ix":5},"nm":"Transform"}],"nm":"Group 1","np":4,"cix":2,"bm":0,"ix":1,"mn":"ADBE Vector Group","hd":false}],"ip":0,"op":60,"st":0,"bm":0}],"markers":[]}