{"v":"5.3.4","fr":29.9700012207031,"ip":0,"op":38.0000015477717,"w":400,"h":400,"nm":"Comp 1","ddd":0,"assets":[],"layers":[{"ddd":0,"ind":1,"ty":4,"nm":"circle","sr":1,"ks":{"o":{"a":0,"k":100,"ix":11},"r":{"a":0,"k":0,"ix":10},"p":{"a":1,"k":[{"i":{"x":0.833,"y":0.833},"o":{"x":0.167,"y":0.167},"n":"0p833_0p833_0p167_0p167","t":0,"s":[50.946,195.356,0],"e":[100.196,195.206,0],"to":[0,0,0],"ti":[-5.55368041992188,0.00001525878906,0]},{"i":{"x":0.833,"y":0.833},"o":{"x":0.167,"y":0.167},"n":"0p833_0p833_0p167_0p167","t":2,"s":[100.196,195.206,0],"e":[119.881,167.194,0],"to":[12.0536804199219,0,0],"ti":[-8.61937713623047,0,0]},{"i":{"x":0.833,"y":0.833},"o":{"x":0.167,"y":0.167},"n":"0p833_0p833_0p167_0p167","t":3,"s":[119.881,167.194,0],"e":[138.465,203.151,0],"to":[8.61937713623047,0,0],"ti":[-8.78500366210938,0,0]},{"i":{"x":0.833,"y":0.833},"o":{"x":0.167,"y":0.167},"n":"0p833_0p833_0p167_0p167","t":5,"s":[138.465,203.151,0],"e":[152.388,170.118,0],"to":[8.78500366210938,0,0],"ti":[-8.1124267578125,0,0]},{"i":{"x":0.563,"y":0.563},"o":{"x":0.167,"y":0.167},"n":"0p563_0p563_0p167_0p167","t":7,"s":[152.388,170.118,0],"e":[166.506,220.585,0],"to":[8.1124267578125,-0.00001525878906,0],"ti":[-13.4940338134766,0,0]},{"i":{"x":0.833,"y":0.833},"o":{"x":0.37,"y":0.37},"n":"0p833_0p833_0p37_0p37","t":9.118,"s":[166.506,220.585,0],"e":[190.721,99.028,0],"to":[13.4940338134766,0,0],"ti":[-18.7790374755859,0.00000762939453,0]},{"i":{"x":0.833,"y":0.833},"o":{"x":0.167,"y":0.167},"n":"0p833_0p833_0p167_0p167","t":14,"s":[190.721,99.028,0],"e":[223.779,336.951,0],"to":[18.7790374755859,-0.00000762939453,0],"ti":[-26.4709930419922,0,0]},{"i":{"x":0.833,"y":0.833},"o":{"x":0.167,"y":0.167},"n":"0p833_0p833_0p167_0p167","t":23,"s":[223.779,336.951,0],"e":[242.897,173.906,0],"to":[26.4709930419922,0,0],"ti":[-12.8532867431641,0,0]},{"i":{"x":0.833,"y":0.833},"o":{"x":0.167,"y":0.167},"n":"0p833_0p833_0p167_0p167","t":29,"s":[242.897,173.906,0],"e":[254.975,207.378,0],"to":[12.8532867431641,0,0],"ti":[-10.2747497558594,-0.00001525878906,0]},{"i":{"x":0.833,"y":0.833},"o":{"x":0.167,"y":0.167},"n":"0p833_0p833_0p167_0p167","t":30,"s":[254.975,207.378,0],"e":[266.234,184.349,0],"to":[10.2747497558594,0,0],"ti":[-9.82870483398438,0,0]},{"i":{"x":0.833,"y":0.833},"o":{"x":0.167,"y":0.167},"n":"0p833_0p833_0p167_0p167","t":31,"s":[266.234,184.349,0],"e":[277.002,218.826,0],"to":[9.8287353515625,-0.00001525878906,0],"ti":[-10.0021362304688,0,0]},{"i":{"x":0.833,"y":0.833},"o":{"x":0.167,"y":0.167},"n":"0p833_0p833_0p167_0p167","t":32,"s":[277.002,218.826,0],"e":[354.502,218.644,0],"to":[30.2478637695312,0,0],"ti":[0,0,0]},{"t":35.0000014255792}],"ix":2},"a":{"a":0,"k":[28.688,-65.313,0],"ix":1},"s":{"a":0,"k":[64.184,64.184,100],"ix":6}},"ao":0,"shapes":[{"ty":"gr","it":[{"d":1,"ty":"el","s":{"a":0,"k":[21.375,21.375],"ix":2},"p":{"a":0,"k":[0,0],"ix":3},"nm":"Ellipse Path 1","mn":"ADBE Vector Shape - Ellipse","hd":false},{"ty":"st","c":{"a":0,"k":[1,1,1,1],"ix":3},"o":{"a":0,"k":100,"ix":4},"w":{"a":0,"k":3,"ix":5},"lc":1,"lj":1,"ml":4,"ml2":{"a":0,"k":4,"ix":8},"nm":"Stroke 1","mn":"ADBE Vector Graphic - Stroke","hd":true},{"ty":"fl","c":{"a":0,"k":[1,1,1,1],"ix":4},"o":{"a":0,"k":100,"ix":5},"r":1,"nm":"Fill 1","mn":"ADBE Vector Graphic - Fill","hd":false},{"ty":"tr","p":{"a":0,"k":[28.688,-65.312],"ix":2},"a":{"a":0,"k":[0,0],"ix":1},"s":{"a":0,"k":[74,74],"ix":3},"r":{"a":0,"k":0,"ix":6},"o":{"a":0,"k":100,"ix":7},"sk":{"a":0,"k":0,"ix":4},"sa":{"a":0,"k":0,"ix":5},"nm":"Transform"}],"nm":"Ellipse 1","np":3,"cix":2,"ix":1,"mn":"ADBE Vector Group","hd":false}],"ip":0,"op":110.000004480392,"st":0,"bm":0},{"ddd":0,"ind":2,"ty":4,"nm":"path","sr":1,"ks":{"o":{"a":0,"k":100,"ix":11},"r":{"a":0,"k":0,"ix":10},"p":{"a":0,"k":[202,219,0],"ix":2},"a":{"a":0,"k":[2.724,17.989,0],"ix":1},"s":{"a":0,"k":[100,100,100],"ix":6}},"ao":0,"shapes":[{"ty":"gr","it":[{"ind":0,"ty":"sh","ix":1,"ks":{"a":0,"k":{"i":[[0,0],[-5.554,0],[-8.619,0],[-8.785,0],[-8.112,0],[-13.494,0],[-18.779,0],[-26.471,0],[-12.853,0],[-10.275,0],[-9.829,0],[-10.002,0],[0,0]],"o":[[0,0],[12.054,0],[8.619,0],[8.785,0],[8.112,0],[13.494,0],[18.779,0],[26.471,0],[12.853,0],[10.275,0],[9.829,0],[30.248,0],[0,0]],"v":[[-149.054,-4.644],[-99.804,-4.794],[-80.119,-32.806],[-61.535,3.151],[-47.612,-29.882],[-33.494,20.585],[-9.279,-100.972],[23.779,136.951],[42.897,-26.094],[54.975,7.378],[66.234,-15.651],[77.002,18.826],[154.502,18.644]],"c":false},"ix":2},"nm":"Path 1","mn":"ADBE Vector Shape - Group","hd":false},{"ty":"st","c":{"a":0,"k":[1,1,1,1],"ix":3},"o":{"a":0,"k":100,"ix":4},"w":{"a":0,"k":3,"ix":5},"lc":2,"lj":2,"nm":"Stroke 1","mn":"ADBE Vector Graphic - Stroke","hd":false},{"ty":"fl","c":{"a":0,"k":[1,0,0,1],"ix":4},"o":{"a":0,"k":100,"ix":5},"r":1,"nm":"Fill 1","mn":"ADBE Vector Graphic - Fill","hd":true},{"ty":"tr","p":{"a":0,"k":[0,0],"ix":2},"a":{"a":0,"k":[0,0],"ix":1},"s":{"a":0,"k":[100,100],"ix":3},"r":{"a":0,"k":0,"ix":6},"o":{"a":0,"k":100,"ix":7},"sk":{"a":0,"k":0,"ix":4},"sa":{"a":0,"k":0,"ix":5},"nm":"Transform"}],"nm":"Shape 1","np":3,"cix":2,"ix":1,"mn":"ADBE Vector Group","hd":false},{"ty":"tm","s":{"a":1,"k":[{"i":{"x":[0.807],"y":[0.787]},"o":{"x":[0.296],"y":[0]},"n":["0p807_0p787_0p296_0"],"t":6,"s":[0],"e":[100]},{"t":38.0000015477717}],"ix":1},"e":{"a":1,"k":[{"i":{"x":[0.833],"y":[0.833]},"o":{"x":[0.469],"y":[0.08]},"n":["0p833_0p833_0p469_0p08"],"t":0,"s":[0],"e":[100]},{"t":33.0000013441176}],"ix":2},"o":{"a":0,"k":0,"ix":3},"m":1,"ix":2,"nm":"Trim Paths 1","mn":"ADBE Vector Filter - Trim","hd":false}],"ip":0,"op":110.000004480392,"st":0,"bm":0}],"markers":[]}