{"v":"5.4.1","fr":25,"ip":0,"op":75,"w":60,"h":60,"nm":"offline","ddd":0,"assets":[],"layers":[{"ddd":0,"ind":1,"ty":4,"nm":"3","sr":1,"ks":{"o":{"a":0,"k":100,"ix":11},"r":{"a":1,"k":[{"i":{"x":[0.535],"y":[1.122]},"o":{"x":[0.45],"y":[0]},"n":["0p535_1p122_0p45_0"],"t":0,"s":[0],"e":[360]},{"t":45}],"ix":10},"p":{"a":0,"k":[30,30,0],"ix":2},"a":{"a":0,"k":[-1507.041,-1619.638,0],"ix":1},"s":{"a":0,"k":[23.026,23.026,100],"ix":6}},"ao":0,"shapes":[{"ty":"gr","it":[{"ty":"gr","it":[{"ind":0,"ty":"sh","ix":1,"ks":{"a":0,"k":{"i":[[2.534,2.534],[2.534,-2.534],[0,-24.265],[-17.158,-17.158],[-1.661,0],[-1.267,1.267],[2.534,2.534],[0,20.798],[-14.707,14.707]],"o":[[-2.534,-2.534],[-17.158,17.158],[0,24.265],[1.267,1.267],[1.661,0],[2.534,-2.534],[-14.707,-14.707],[0,-20.799],[2.534,-2.534]],"v":[[-1562.197,-1683.872],[-1571.374,-1683.872],[-1597.981,-1619.636],[-1571.374,-1555.401],[-1566.786,-1553.501],[-1562.197,-1555.401],[-1562.197,-1564.578],[-1585.004,-1619.636],[-1562.197,-1674.695]],"c":true},"ix":2},"nm":"路径 1","mn":"ADBE Vector Shape - Group","hd":false},{"ty":"fl","c":{"a":0,"k":[1,1,1,1],"ix":4},"o":{"a":0,"k":100,"ix":5},"r":1,"nm":"填充 1","mn":"ADBE Vector Graphic - Fill","hd":false},{"ty":"tr","p":{"a":0,"k":[0,0],"ix":2},"a":{"a":0,"k":[0,0],"ix":1},"s":{"a":0,"k":[100,100],"ix":3},"r":{"a":0,"k":0,"ix":6},"o":{"a":0,"k":100,"ix":7},"sk":{"a":0,"k":0,"ix":4},"sa":{"a":0,"k":0,"ix":5},"nm":"变换"}],"nm":"组 1","np":2,"cix":2,"ix":1,"mn":"ADBE Vector Group","hd":false},{"ty":"gr","it":[{"ind":0,"ty":"sh","ix":1,"ks":{"a":0,"k":{"i":[[17.158,17.158],[2.534,-2.534],[-2.534,-2.534],[0,-20.798],[14.707,-14.707],[-2.534,-2.534],[-1.661,0],[-1.267,1.267],[0,24.265]],"o":[[-2.534,-2.534],[-2.534,2.534],[14.707,14.707],[0,20.799],[-2.534,2.534],[1.267,1.267],[1.661,0],[17.158,-17.158],[0,-24.265]],"v":[[-1442.708,-1683.875],[-1451.885,-1683.875],[-1451.885,-1674.698],[-1429.078,-1619.64],[-1451.885,-1564.581],[-1451.885,-1555.404],[-1447.296,-1553.504],[-1442.708,-1555.404],[-1416.101,-1619.64]],"c":true},"ix":2},"nm":"路径 1","mn":"ADBE Vector Shape - Group","hd":false},{"ty":"fl","c":{"a":0,"k":[1,1,1,1],"ix":4},"o":{"a":0,"k":100,"ix":5},"r":1,"nm":"填充 1","mn":"ADBE Vector Graphic - Fill","hd":false},{"ty":"tr","p":{"a":0,"k":[0,0],"ix":2},"a":{"a":0,"k":[0,0],"ix":1},"s":{"a":0,"k":[100,100],"ix":3},"r":{"a":0,"k":0,"ix":6},"o":{"a":0,"k":100,"ix":7},"sk":{"a":0,"k":0,"ix":4},"sa":{"a":0,"k":0,"ix":5},"nm":"变换"}],"nm":"组 2","np":2,"cix":2,"ix":2,"mn":"ADBE Vector Group","hd":false},{"ty":"tr","p":{"a":0,"k":[0,0],"ix":2},"a":{"a":0,"k":[0,0],"ix":1},"s":{"a":0,"k":[100,100],"ix":3},"r":{"a":0,"k":0,"ix":6},"o":{"a":0,"k":100,"ix":7},"sk":{"a":0,"k":0,"ix":4},"sa":{"a":0,"k":0,"ix":5},"nm":"变换"}],"nm":"组 1","np":2,"cix":2,"ix":1,"mn":"ADBE Vector Group","hd":false}],"ip":0,"op":82,"st":0,"bm":0},{"ddd":0,"ind":2,"ty":4,"nm":"2","sr":1,"ks":{"o":{"a":0,"k":100,"ix":11},"r":{"a":1,"k":[{"i":{"x":[0.484],"y":[1.16]},"o":{"x":[0.45],"y":[0]},"n":["0p484_1p16_0p45_0"],"t":10,"s":[0],"e":[360]},{"t":55}],"ix":10},"p":{"a":0,"k":[30,30,0],"ix":2},"a":{"a":0,"k":[-1507.041,-1619.638,0],"ix":1},"s":{"a":0,"k":[23.026,23.026,100],"ix":6}},"ao":0,"shapes":[{"ty":"gr","it":[{"ty":"gr","it":[{"ind":0,"ty":"sh","ix":1,"ks":{"a":0,"k":{"i":[[2.534,2.534],[2.534,-2.534],[0,-17.333],[-12.255,-12.256],[-1.661,0],[-1.267,1.267],[2.534,2.534],[-20.24,20.24]],"o":[[-2.534,-2.534],[-12.255,12.256],[0,17.332],[1.267,1.267],[1.661,0],[2.534,-2.534],[-20.24,-20.24],[2.534,-2.534]],"v":[[-1543.844,-1665.52],[-1553.021,-1665.52],[-1572.026,-1619.637],[-1553.021,-1573.755],[-1548.433,-1571.855],[-1543.844,-1573.755],[-1543.844,-1582.932],[-1543.844,-1656.343]],"c":true},"ix":2},"nm":"路径 1","mn":"ADBE Vector Shape - Group","hd":false},{"ty":"fl","c":{"a":0,"k":[1,1,1,1],"ix":4},"o":{"a":0,"k":100,"ix":5},"r":1,"nm":"填充 1","mn":"ADBE Vector Graphic - Fill","hd":false},{"ty":"tr","p":{"a":0,"k":[0,0],"ix":2},"a":{"a":0,"k":[0,0],"ix":1},"s":{"a":0,"k":[100,100],"ix":3},"r":{"a":0,"k":0,"ix":6},"o":{"a":0,"k":100,"ix":7},"sk":{"a":0,"k":0,"ix":4},"sa":{"a":0,"k":0,"ix":5},"nm":"变换"}],"nm":"组 1","np":2,"cix":2,"ix":1,"mn":"ADBE Vector Group","hd":false},{"ty":"gr","it":[{"ind":0,"ty":"sh","ix":1,"ks":{"a":0,"k":{"i":[[12.255,12.256],[2.534,-2.534],[-2.534,-2.534],[20.24,-20.24],[-2.534,-2.534],[-1.661,0],[-1.267,1.267],[0,17.332]],"o":[[-2.534,-2.534],[-2.534,2.534],[20.24,20.24],[-2.534,2.534],[1.267,1.267],[1.661,0],[12.255,-12.256],[0,-17.333]],"v":[[-1461.061,-1665.521],[-1470.238,-1665.521],[-1470.238,-1656.344],[-1470.238,-1582.933],[-1470.238,-1573.756],[-1465.649,-1571.856],[-1461.061,-1573.756],[-1442.056,-1619.638]],"c":true},"ix":2},"nm":"路径 1","mn":"ADBE Vector Shape - Group","hd":false},{"ty":"fl","c":{"a":0,"k":[1,1,1,1],"ix":4},"o":{"a":0,"k":100,"ix":5},"r":1,"nm":"填充 1","mn":"ADBE Vector Graphic - Fill","hd":false},{"ty":"tr","p":{"a":0,"k":[0,0],"ix":2},"a":{"a":0,"k":[0,0],"ix":1},"s":{"a":0,"k":[100,100],"ix":3},"r":{"a":0,"k":0,"ix":6},"o":{"a":0,"k":100,"ix":7},"sk":{"a":0,"k":0,"ix":4},"sa":{"a":0,"k":0,"ix":5},"nm":"变换"}],"nm":"组 2","np":2,"cix":2,"ix":2,"mn":"ADBE Vector Group","hd":false},{"ty":"tr","p":{"a":0,"k":[0,0],"ix":2},"a":{"a":0,"k":[0,0],"ix":1},"s":{"a":0,"k":[100,100],"ix":3},"r":{"a":0,"k":0,"ix":6},"o":{"a":0,"k":100,"ix":7},"sk":{"a":0,"k":0,"ix":4},"sa":{"a":0,"k":0,"ix":5},"nm":"变换"}],"nm":"组 2","np":2,"cix":2,"ix":1,"mn":"ADBE Vector Group","hd":false}],"ip":0,"op":76,"st":0,"bm":0},{"ddd":0,"ind":3,"ty":4,"nm":"1","sr":1,"ks":{"o":{"a":0,"k":100,"ix":11},"r":{"a":1,"k":[{"i":{"x":[0.626],"y":[1.081]},"o":{"x":[0.449],"y":[-0.007]},"n":["0p626_1p081_0p449_-0p007"],"t":20,"s":[360],"e":[0]},{"t":66}],"ix":10},"p":{"a":0,"k":[30,30,0],"ix":2},"a":{"a":0,"k":[-1507.041,-1619.638,0],"ix":1},"s":{"a":0,"k":[23.026,23.026,100],"ix":6}},"ao":0,"shapes":[{"ty":"gr","it":[{"ty":"gr","it":[{"ind":0,"ty":"sh","ix":1,"ks":{"a":0,"k":{"i":[[2.534,2.534],[2.534,-2.534],[-15.18,-15.18],[-1.661,0],[-1.267,1.267],[2.534,2.534],[-10.12,10.12]],"o":[[-2.534,-2.534],[-15.18,15.18],[1.267,1.267],[1.661,0],[2.534,-2.534],[-10.12,-10.12],[2.534,-2.534]],"v":[[-1525.491,-1647.168],[-1534.668,-1647.168],[-1534.668,-1592.109],[-1530.08,-1590.209],[-1525.491,-1592.109],[-1525.491,-1601.286],[-1525.491,-1637.991]],"c":true},"ix":2},"nm":"路径 1","mn":"ADBE Vector Shape - Group","hd":false},{"ty":"fl","c":{"a":0,"k":[1,1,1,1],"ix":4},"o":{"a":0,"k":100,"ix":5},"r":1,"nm":"填充 1","mn":"ADBE Vector Graphic - Fill","hd":false},{"ty":"tr","p":{"a":0,"k":[0,0],"ix":2},"a":{"a":0,"k":[0,0],"ix":1},"s":{"a":0,"k":[100,100],"ix":3},"r":{"a":0,"k":0,"ix":6},"o":{"a":0,"k":100,"ix":7},"sk":{"a":0,"k":0,"ix":4},"sa":{"a":0,"k":0,"ix":5},"nm":"变换"}],"nm":"组 1","np":2,"cix":2,"ix":1,"mn":"ADBE Vector Group","hd":false},{"ty":"gr","it":[{"ind":0,"ty":"sh","ix":1,"ks":{"a":0,"k":{"i":[[15.179,15.18],[2.534,-2.533],[-2.534,-2.534],[10.12,-10.12],[-2.534,-2.534],[-1.661,0],[-1.267,1.267]],"o":[[-2.534,-2.534],[-2.534,2.534],[10.12,10.12],[-2.534,2.534],[1.267,1.267],[1.661,0],[15.179,-15.18]],"v":[[-1479.414,-1647.168],[-1488.591,-1647.168],[-1488.591,-1637.991],[-1488.591,-1601.285],[-1488.591,-1592.108],[-1484.002,-1590.208],[-1479.414,-1592.108]],"c":true},"ix":2},"nm":"路径 1","mn":"ADBE Vector Shape - Group","hd":false},{"ty":"fl","c":{"a":0,"k":[1,1,1,1],"ix":4},"o":{"a":0,"k":100,"ix":5},"r":1,"nm":"填充 1","mn":"ADBE Vector Graphic - Fill","hd":false},{"ty":"tr","p":{"a":0,"k":[0,0],"ix":2},"a":{"a":0,"k":[0,0],"ix":1},"s":{"a":0,"k":[100,100],"ix":3},"r":{"a":0,"k":0,"ix":6},"o":{"a":0,"k":100,"ix":7},"sk":{"a":0,"k":0,"ix":4},"sa":{"a":0,"k":0,"ix":5},"nm":"变换"}],"nm":"组 2","np":2,"cix":2,"ix":2,"mn":"ADBE Vector Group","hd":false},{"ty":"tr","p":{"a":0,"k":[0,0],"ix":2},"a":{"a":0,"k":[0,0],"ix":1},"s":{"a":0,"k":[100,100],"ix":3},"r":{"a":0,"k":0,"ix":6},"o":{"a":0,"k":100,"ix":7},"sk":{"a":0,"k":0,"ix":4},"sa":{"a":0,"k":0,"ix":5},"nm":"变换"}],"nm":"组 4","np":2,"cix":2,"ix":1,"mn":"ADBE Vector Group","hd":false}],"ip":0,"op":76,"st":0,"bm":0},{"ddd":0,"ind":4,"ty":4,"nm":"0","sr":1,"ks":{"o":{"a":0,"k":100,"ix":11},"r":{"a":0,"k":0,"ix":10},"p":{"a":0,"k":[30.022,30,0],"ix":2},"a":{"a":0,"k":[-1506.944,-1619.637,0],"ix":1},"s":{"a":0,"k":[23.026,23.026,100],"ix":6}},"ao":0,"shapes":[{"ty":"gr","it":[{"ind":0,"ty":"sh","ix":1,"ks":{"a":0,"k":{"i":[[0,0],[0,0]],"o":[[0,0],[0,0]],"v":[[-1506.948,-1619.641],[-1506.943,-1619.637]],"c":true},"ix":2},"nm":"路径 1","mn":"ADBE Vector Shape - Group","hd":false},{"ind":1,"ty":"sh","ix":2,"ks":{"a":0,"k":{"i":[[2.35,0],[1.789,1.789],[0,2.451],[-1.733,1.733],[-3.578,-3.578],[0,0],[0,-2.451],[1.733,-1.733]],"o":[[-2.35,0],[-1.733,-1.733],[0,-2.451],[3.577,-3.578],[0,0],[1.733,1.733],[0,2.451],[-1.789,1.789]],"v":[[-1506.944,-1610.465],[-1513.432,-1613.148],[-1516.12,-1619.637],[-1513.432,-1626.126],[-1500.455,-1626.126],[-1500.455,-1626.126],[-1497.767,-1619.637],[-1500.455,-1613.148]],"c":true},"ix":2},"nm":"路径 2","mn":"ADBE Vector Shape - Group","hd":false},{"ty":"fl","c":{"a":0,"k":[1,1,1,1],"ix":4},"o":{"a":0,"k":100,"ix":5},"r":1,"nm":"填充 1","mn":"ADBE Vector Graphic - Fill","hd":false},{"ty":"tr","p":{"a":0,"k":[0,0],"ix":2},"a":{"a":0,"k":[0,0],"ix":1},"s":{"a":0,"k":[100,100],"ix":3},"r":{"a":0,"k":0,"ix":6},"o":{"a":0,"k":100,"ix":7},"sk":{"a":0,"k":0,"ix":4},"sa":{"a":0,"k":0,"ix":5},"nm":"变换"}],"nm":"组 3","np":3,"cix":2,"ix":1,"mn":"ADBE Vector Group","hd":false}],"ip":0,"op":76,"st":0,"bm":0}],"markers":[]}