{"v":"5.1.6","fr":29.9700012207031,"ip":0,"op":54.0000021994651,"w":800,"h":600,"nm":"Comp 1","ddd":0,"assets":[],"fonts":{"list":[{"fName":"AvenirNext-Medium","fFamily":"Avenir Next","fStyle":"Medium","ascent":75.5996704101562}]},"layers":[{"ddd":0,"ind":1,"ty":5,"nm":"www.arpit.work","cl":"arpit work","sr":1,"ks":{"o":{"a":0,"k":100,"ix":11},"r":{"a":0,"k":0,"ix":10},"p":{"a":0,"k":[675,586,0],"ix":2},"a":{"a":0,"k":[0,0,0],"ix":1},"s":{"a":0,"k":[100,100,100],"ix":6}},"ao":0,"t":{"d":{"k":[{"s":{"s":16,"f":"AvenirNext-Medium","t":"","j":0,"tr":0,"lh":19.2,"ls":0,"fc":[0.73,0.73,0.73]},"t":0}]},"p":{},"m":{"g":1,"a":{"a":0,"k":[0,0],"ix":2}},"a":[]},"ip":0,"op":900.000036657751,"st":0,"bm":0},{"ddd":0,"ind":2,"ty":4,"nm":"Pingu Outlines","sr":1,"ks":{"o":{"a":0,"k":100,"ix":11},"r":{"a":0,"k":0,"ix":10},"p":{"a":1,"k":[{"i":{"x":0.833,"y":0.833},"o":{"x":0.167,"y":0.167},"n":"0p833_0p833_0p167_0p167","t":0,"s":[406,300.5,0],"e":[406,300.5,0],"to":[0,0,0],"ti":[0,0,0]},{"t":3.00000012219251}],"ix":2},"a":{"a":0,"k":[400,300,0],"ix":1},"s":{"a":1,"k":[{"i":{"x":[0.833,0.833,0.833],"y":[0.833,0.833,0.833]},"o":{"x":[0.167,0.167,0.167],"y":[0.167,0.167,0.167]},"n":["0p833_0p833_0p167_0p167","0p833_0p833_0p167_0p167","0p833_0p833_0p167_0p167"],"t":0,"s":[134,134,100],"e":[142,142,100]},{"i":{"x":[0.833,0.833,0.833],"y":[0.833,0.833,0.833]},"o":{"x":[0.167,0.167,0.167],"y":[0.167,0.167,0.167]},"n":["0p833_0p833_0p167_0p167","0p833_0p833_0p167_0p167","0p833_0p833_0p167_0p167"],"t":1,"s":[142,142,100],"e":[134,134,100]},{"t":3.00000012219251}],"ix":6}},"ao":0,"shapes":[{"ty":"gr","it":[{"d":1,"ty":"el","s":{"a":0,"k":[15.134,18.258],"ix":2},"p":{"a":0,"k":[0,0],"ix":3},"nm":"Ellipse Path 1","mn":"ADBE Vector Shape - Ellipse","hd":false},{"ty":"st","c":{"a":0,"k":[0.966590013691,0.002813000071,0.002813000071,1],"ix":3},"o":{"a":0,"k":100,"ix":4},"w":{"a":0,"k":0,"ix":5},"lc":1,"lj":1,"ml":4,"nm":"Stroke 1","mn":"ADBE Vector Graphic - Stroke","hd":false},{"ty":"fl","c":{"a":0,"k":[0.263000009574,0.352999997606,1,1],"ix":4},"o":{"a":0,"k":100,"ix":5},"r":1,"nm":"Fill 1","mn":"ADBE Vector Graphic - Fill","hd":false},{"ty":"tr","p":{"a":0,"k":[329.251,330.556],"ix":2},"a":{"a":0,"k":[0,0],"ix":1},"s":{"a":0,"k":[165.811,100],"ix":3},"r":{"a":0,"k":-24.132,"ix":6},"o":{"a":0,"k":100,"ix":7},"sk":{"a":0,"k":0,"ix":4},"sa":{"a":0,"k":0,"ix":5},"nm":"Transform"}],"nm":"Ellipse 1","np":3,"cix":2,"ix":1,"mn":"ADBE Vector Group","hd":false},{"ty":"gr","it":[{"ty":"gr","it":[{"ind":0,"ty":"sh","ix":1,"ks":{"a":0,"k":{"i":[[2.829,-9.566],[0,0],[6.979,17.269],[5.18,7.047],[2.233,-0.346],[-0.249,-12.448]],"o":[[0,0],[0.376,-10.812],[-4.299,-10.637],[-2.234,0.346],[2.539,8.684],[0.294,14.61]],"v":[[-14.913,34.688],[14.536,34.934],[6.768,-8.347],[-8.197,-34.934],[-14.897,-33.896],[-9.943,-1.941]],"c":true},"ix":2},"nm":"Path 1","mn":"ADBE Vector Shape - Group","hd":false},{"ty":"fl","c":{"a":0,"k":[0.270999983245,0.685999971278,1,1],"ix":4},"o":{"a":0,"k":100,"ix":5},"r":1,"nm":"Fill 1","mn":"ADBE Vector Graphic - Fill","hd":false},{"ty":"tr","p":{"a":0,"k":[437.839,315.663],"ix":2},"a":{"a":0,"k":[0,0],"ix":1},"s":{"a":0,"k":[100,100],"ix":3},"r":{"a":0,"k":0,"ix":6},"o":{"a":0,"k":100,"ix":7},"sk":{"a":0,"k":0,"ix":4},"sa":{"a":0,"k":0,"ix":5},"nm":"Transform"}],"nm":"scarf-hanging","np":2,"cix":2,"ix":1,"mn":"ADBE Vector Group","hd":false},{"ty":"gr","it":[{"ty":"gr","it":[{"ind":0,"ty":"sh","ix":1,"ks":{"a":0,"k":{"i":[[4.501,0.182],[0,0]],"o":[[-4.473,-0.18],[0,0]],"v":[[-0.014,3.192],[0.251,-3.374]],"c":true},"ix":2},"nm":"Path 1","mn":"ADBE Vector Shape - Group","hd":false},{"ty":"fl","c":{"a":0,"k":[0.270999983245,0.685999971278,1,1],"ix":4},"o":{"a":0,"k":100,"ix":5},"r":1,"nm":"Fill 1","mn":"ADBE Vector Graphic - Fill","hd":false},{"ty":"tr","p":{"a":0,"k":[449.417,353.838],"ix":2},"a":{"a":0,"k":[0,0],"ix":1},"s":{"a":0,"k":[100,100],"ix":3},"r":{"a":0,"k":0,"ix":6},"o":{"a":0,"k":100,"ix":7},"sk":{"a":0,"k":0,"ix":4},"sa":{"a":0,"k":0,"ix":5},"nm":"Transform"}],"nm":"Group 6","np":2,"cix":2,"ix":1,"mn":"ADBE Vector Group","hd":false},{"ty":"gr","it":[{"ind":0,"ty":"sh","ix":1,"ks":{"a":0,"k":{"i":[[4.5,0.181],[0,0]],"o":[[-4.474,-0.181],[0,0]],"v":[[-0.013,3.193],[0.251,-3.374]],"c":true},"ix":2},"nm":"Path 1","mn":"ADBE Vector Shape - Group","hd":false},{"ty":"fl","c":{"a":0,"k":[0.270999983245,0.685999971278,1,1],"ix":4},"o":{"a":0,"k":100,"ix":5},"r":1,"nm":"Fill 1","mn":"ADBE Vector Graphic - Fill","hd":false},{"ty":"tr","p":{"a":0,"k":[443.894,353.827],"ix":2},"a":{"a":0,"k":[0,0],"ix":1},"s":{"a":0,"k":[100,100],"ix":3},"r":{"a":0,"k":0,"ix":6},"o":{"a":0,"k":100,"ix":7},"sk":{"a":0,"k":0,"ix":4},"sa":{"a":0,"k":0,"ix":5},"nm":"Transform"}],"nm":"Group 7","np":2,"cix":2,"ix":2,"mn":"ADBE Vector Group","hd":false},{"ty":"gr","it":[{"ind":0,"ty":"sh","ix":1,"ks":{"a":0,"k":{"i":[[4.5,0.182],[0,0]],"o":[[-4.473,-0.18],[0,0]],"v":[[-0.013,3.191],[0.251,-3.374]],"c":true},"ix":2},"nm":"Path 1","mn":"ADBE Vector Shape - Group","hd":false},{"ty":"fl","c":{"a":0,"k":[0.270999983245,0.685999971278,1,1],"ix":4},"o":{"a":0,"k":100,"ix":5},"r":1,"nm":"Fill 1","mn":"ADBE Vector Graphic - Fill","hd":false},{"ty":"tr","p":{"a":0,"k":[437.664,353.929],"ix":2},"a":{"a":0,"k":[0,0],"ix":1},"s":{"a":0,"k":[100,100],"ix":3},"r":{"a":0,"k":0,"ix":6},"o":{"a":0,"k":100,"ix":7},"sk":{"a":0,"k":0,"ix":4},"sa":{"a":0,"k":0,"ix":5},"nm":"Transform"}],"nm":"Group 8","np":2,"cix":2,"ix":3,"mn":"ADBE Vector Group","hd":false},{"ty":"gr","it":[{"ind":0,"ty":"sh","ix":1,"ks":{"a":0,"k":{"i":[[4.501,0.182],[0,0]],"o":[[-4.473,-0.18],[0,0]],"v":[[-0.014,3.191],[0.251,-3.374]],"c":true},"ix":2},"nm":"Path 1","mn":"ADBE Vector Shape - Group","hd":false},{"ty":"fl","c":{"a":0,"k":[0.270999983245,0.685999971278,1,1],"ix":4},"o":{"a":0,"k":100,"ix":5},"r":1,"nm":"Fill 1","mn":"ADBE Vector Graphic - Fill","hd":false},{"ty":"tr","p":{"a":0,"k":[431.137,353.666],"ix":2},"a":{"a":0,"k":[0,0],"ix":1},"s":{"a":0,"k":[100,100],"ix":3},"r":{"a":0,"k":0,"ix":6},"o":{"a":0,"k":100,"ix":7},"sk":{"a":0,"k":0,"ix":4},"sa":{"a":0,"k":0,"ix":5},"nm":"Transform"}],"nm":"Group 9","np":2,"cix":2,"ix":4,"mn":"ADBE Vector Group","hd":false},{"ty":"gr","it":[{"ind":0,"ty":"sh","ix":1,"ks":{"a":0,"k":{"i":[[4.501,0.182],[0,0]],"o":[[-4.473,-0.18],[0,0]],"v":[[-0.014,3.191],[0.251,-3.373]],"c":true},"ix":2},"nm":"Path 1","mn":"ADBE Vector Shape - Group","hd":false},{"ty":"fl","c":{"a":0,"k":[0.270999983245,0.685999971278,1,1],"ix":4},"o":{"a":0,"k":100,"ix":5},"r":1,"nm":"Fill 1","mn":"ADBE Vector Graphic - Fill","hd":false},{"ty":"tr","p":{"a":0,"k":[424.61,353.403],"ix":2},"a":{"a":0,"k":[0,0],"ix":1},"s":{"a":0,"k":[100,100],"ix":3},"r":{"a":0,"k":0,"ix":6},"o":{"a":0,"k":100,"ix":7},"sk":{"a":0,"k":0,"ix":4},"sa":{"a":0,"k":0,"ix":5},"nm":"Transform"}],"nm":"Group 10","np":2,"cix":2,"ix":5,"mn":"ADBE Vector Group","hd":false},{"ty":"tr","p":{"a":0,"k":[437.074,353.577],"ix":2},"a":{"a":0,"k":[437.074,353.577],"ix":1},"s":{"a":0,"k":[100,100],"ix":3},"r":{"a":0,"k":0,"ix":6},"o":{"a":0,"k":100,"ix":7},"sk":{"a":0,"k":0,"ix":4},"sa":{"a":0,"k":0,"ix":5},"nm":"Transform"}],"nm":"scarf-drops","np":5,"cix":2,"ix":2,"mn":"ADBE Vector Group","hd":false},{"ty":"tr","p":{"a":0,"k":[429.052,292.379],"ix":2},"a":{"a":0,"k":[429.052,292.379],"ix":1},"s":{"a":0,"k":[100,100],"ix":3},"r":{"a":1,"k":[{"i":{"x":[0.833],"y":[0.833]},"o":{"x":[0.167],"y":[0.167]},"n":["0p833_0p833_0p167_0p167"],"t":13,"s":[0],"e":[10]},{"i":{"x":[0.833],"y":[0.833]},"o":{"x":[0.167],"y":[0.167]},"n":["0p833_0p833_0p167_0p167"],"t":14,"s":[10],"e":[0]},{"i":{"x":[0.833],"y":[0.833]},"o":{"x":[0.167],"y":[0.167]},"n":["0p833_0p833_0p167_0p167"],"t":26,"s":[0],"e":[11]},{"i":{"x":[0.833],"y":[0.833]},"o":{"x":[0.167],"y":[0.167]},"n":["0p833_0p833_0p167_0p167"],"t":27,"s":[11],"e":[0]},{"i":{"x":[0.833],"y":[0.833]},"o":{"x":[0.167],"y":[0.167]},"n":["0p833_0p833_0p167_0p167"],"t":40,"s":[0],"e":[10]},{"i":{"x":[0.833],"y":[0.833]},"o":{"x":[0.167],"y":[0.167]},"n":["0p833_0p833_0p167_0p167"],"t":41,"s":[10],"e":[0]},{"t":52.0000021180034}],"ix":6},"o":{"a":0,"k":100,"ix":7},"sk":{"a":0,"k":0,"ix":4},"sa":{"a":0,"k":0,"ix":5},"nm":"Transform"}],"nm":"scarf-vertical","np":2,"cix":2,"ix":2,"mn":"ADBE Vector Group","hd":false},{"ty":"gr","it":[{"ind":0,"ty":"sh","ix":1,"ks":{"a":0,"k":{"i":[[0,0],[4.428,-19.404],[0,0]],"o":[[0,0],[-4.428,19.404],[0,0]],"v":[[-23.717,-21.946],[21.327,11.91],[-38.513,12.106]],"c":false},"ix":2},"nm":"Path 1","mn":"ADBE Vector Shape - Group","hd":false},{"ty":"fl","c":{"a":0,"k":[0.263000009574,0.352999997606,1,1],"ix":4},"o":{"a":0,"k":100,"ix":5},"r":1,"nm":"Fill 1","mn":"ADBE Vector Graphic - Fill","hd":false},{"ty":"tr","p":{"a":0,"k":[332.527,317.158],"ix":2},"a":{"a":0,"k":[-25.46,-3.981],"ix":1},"s":{"a":0,"k":[100,100],"ix":3},"r":{"a":1,"k":[{"i":{"x":[0.833],"y":[0.833]},"o":{"x":[0.167],"y":[0.167]},"n":["0p833_0p833_0p167_0p167"],"t":12,"s":[-47.625],"e":[-28.625]},{"i":{"x":[0.833],"y":[0.833]},"o":{"x":[0.167],"y":[0.167]},"n":["0p833_0p833_0p167_0p167"],"t":13,"s":[-28.625],"e":[-47.625]},{"i":{"x":[0.833],"y":[0.833]},"o":{"x":[0.167],"y":[0.167]},"n":["0p833_0p833_0p167_0p167"],"t":15,"s":[-47.625],"e":[-47.625]},{"i":{"x":[0.833],"y":[0.833]},"o":{"x":[0.167],"y":[0.167]},"n":["0p833_0p833_0p167_0p167"],"t":24,"s":[-47.625],"e":[-28.625]},{"i":{"x":[0.833],"y":[0.833]},"o":{"x":[0.167],"y":[0.167]},"n":["0p833_0p833_0p167_0p167"],"t":25,"s":[-28.625],"e":[-47.625]},{"i":{"x":[0.833],"y":[0.833]},"o":{"x":[0.167],"y":[0.167]},"n":["0p833_0p833_0p167_0p167"],"t":27,"s":[-47.625],"e":[-47.625]},{"i":{"x":[0.833],"y":[0.833]},"o":{"x":[0.167],"y":[0.167]},"n":["0p833_0p833_0p167_0p167"],"t":39,"s":[-47.625],"e":[-28.625]},{"i":{"x":[0.833],"y":[0.833]},"o":{"x":[0.167],"y":[0.167]},"n":["0p833_0p833_0p167_0p167"],"t":40,"s":[-28.625],"e":[-47.625]},{"t":42.0000017106951}],"ix":6},"o":{"a":0,"k":100,"ix":7},"sk":{"a":0,"k":0,"ix":4},"sa":{"a":0,"k":0,"ix":5},"nm":"Transform"}],"nm":"left-hand","np":2,"cix":2,"ix":3,"mn":"ADBE Vector Group","hd":false},{"ty":"gr","it":[{"ind":0,"ty":"sh","ix":1,"ks":{"a":0,"k":{"i":[[-0.079,-7.291],[24.72,0],[24.668,1.583],[0,0],[-24.993,0.018],[-21.822,1.401]],"o":[[-22.039,1.414],[-22.084,0],[0,0],[22.27,1.429],[24.431,-0.017],[-0.184,4.331]],"v":[[69.925,10.039],[-0.283,12.289],[-70.49,10.039],[-70.49,-10.461],[0.477,-8.211],[70.49,-12.289]],"c":true},"ix":2},"nm":"Path 1","mn":"ADBE Vector Shape - Group","hd":false},{"ty":"fl","c":{"a":0,"k":[0.270999983245,0.685999971278,1,1],"ix":4},"o":{"a":0,"k":100,"ix":5},"r":1,"nm":"Fill 1","mn":"ADBE Vector Graphic - Fill","hd":false},{"ty":"tr","p":{"a":0,"k":[389.8,281.803],"ix":2},"a":{"a":0,"k":[0,0],"ix":1},"s":{"a":0,"k":[100,100],"ix":3},"r":{"a":0,"k":0,"ix":6},"o":{"a":0,"k":100,"ix":7},"sk":{"a":0,"k":0,"ix":4},"sa":{"a":0,"k":0,"ix":5},"nm":"Transform"}],"nm":"scarf-top","np":2,"cix":2,"ix":5,"mn":"ADBE Vector Group","hd":false},{"ty":"gr","it":[{"ind":0,"ty":"sh","ix":1,"ks":{"a":0,"k":{"i":[[0,0],[-4.666,-15.486],[-18.724,7.453]],"o":[[0,0],[4.064,13.481],[0,0]],"v":[[16.653,-22.634],[-22.334,12.134],[25.683,14.026]],"c":true},"ix":2},"nm":"Path 1","mn":"ADBE Vector Shape - Group","hd":false},{"ty":"fl","c":{"a":0,"k":[0.263000009574,0.352999997606,1,1],"ix":4},"o":{"a":0,"k":100,"ix":5},"r":1,"nm":"Fill 1","mn":"ADBE Vector Graphic - Fill","hd":false},{"ty":"tr","p":{"a":0,"k":[452.448,313.641],"ix":2},"a":{"a":0,"k":[19.133,-5.066],"ix":1},"s":{"a":0,"k":[100,100],"ix":3},"r":{"a":1,"k":[{"i":{"x":[0.667],"y":[1]},"o":{"x":[0.333],"y":[0]},"n":["0p667_1_0p333_0"],"t":12,"s":[-155.599],"e":[-141.599]},{"i":{"x":[0.667],"y":[1]},"o":{"x":[0.333],"y":[0]},"n":["0p667_1_0p333_0"],"t":13,"s":[-141.599],"e":[-155.599]},{"i":{"x":[0.667],"y":[1]},"o":{"x":[0.333],"y":[0]},"n":["0p667_1_0p333_0"],"t":15,"s":[-155.599],"e":[-155.599]},{"i":{"x":[0.667],"y":[1]},"o":{"x":[0.333],"y":[0]},"n":["0p667_1_0p333_0"],"t":24,"s":[-155.599],"e":[-141.599]},{"i":{"x":[0.667],"y":[1]},"o":{"x":[0.333],"y":[0]},"n":["0p667_1_0p333_0"],"t":25,"s":[-141.599],"e":[-155.599]},{"i":{"x":[0.667],"y":[1]},"o":{"x":[0.333],"y":[0]},"n":["0p667_1_0p333_0"],"t":27,"s":[-155.599],"e":[-155.599]},{"i":{"x":[0.667],"y":[1]},"o":{"x":[0.333],"y":[0]},"n":["0p667_1_0p333_0"],"t":39,"s":[-155.599],"e":[-141.599]},{"i":{"x":[0.667],"y":[1]},"o":{"x":[0.333],"y":[0]},"n":["0p667_1_0p333_0"],"t":40,"s":[-141.599],"e":[-155.599]},{"t":42.0000017106951}],"ix":6},"o":{"a":0,"k":100,"ix":7},"sk":{"a":0,"k":0,"ix":4},"sa":{"a":0,"k":0,"ix":5},"nm":"Transform"}],"nm":"right-hand","np":2,"cix":2,"ix":6,"mn":"ADBE Vector Group","hd":false},{"ty":"gr","it":[{"ind":0,"ty":"sh","ix":1,"ks":{"a":0,"k":{"i":[[0,0],[-3.442,-0.194],[0.654,6.164]],"o":[[-0.369,5.487],[3.77,0.212],[0,0]],"v":[[409.516,241.709],[416.35,251.542],[424.1,241.126]],"c":false},"ix":2},"nm":"Path 1","mn":"ADBE Vector Shape - Group","hd":false},{"ty":"fl","c":{"a":0,"k":[0.078000005086,0.987999949736,0.545000023935,1],"ix":4},"o":{"a":0,"k":100,"ix":5},"r":2,"nm":"Fill 1","mn":"ADBE Vector Graphic - Fill","hd":false},{"ty":"gr","it":[{"ind":0,"ty":"sh","ix":1,"ks":{"a":0,"k":{"i":[[0,0],[-3.441,-0.193],[0.655,6.164]],"o":[[-0.369,5.487],[3.77,0.213],[0,0]],"v":[[-7.434,-4.732],[-0.602,5.101],[7.148,-5.314]],"c":false},"ix":2},"nm":"Path 1","mn":"ADBE Vector Shape - Group","hd":false},{"ty":"fl","c":{"a":0,"k":[0.078000005086,0.987999949736,0.545000023935,1],"ix":4},"o":{"a":0,"k":100,"ix":5},"r":1,"nm":"Fill 1","mn":"ADBE Vector Graphic - Fill","hd":false},{"ty":"tr","p":{"a":0,"k":[363.745,246.074],"ix":2},"a":{"a":0,"k":[0,0],"ix":1},"s":{"a":0,"k":[100,100],"ix":3},"r":{"a":0,"k":0,"ix":6},"o":{"a":0,"k":100,"ix":7},"sk":{"a":0,"k":0,"ix":4},"sa":{"a":0,"k":0,"ix":5},"nm":"Transform"}],"nm":"left-eye","np":2,"cix":2,"ix":3,"mn":"ADBE Vector Group","hd":false},{"ty":"gr","it":[{"ind":0,"ty":"sh","ix":1,"ks":{"a":0,"k":{"i":[[0,0],[0,0],[0,0]],"o":[[0,0],[0,0],[0,0]],"v":[[-8.666,-8.375],[8.667,-8.375],[0.001,8.375]],"c":true},"ix":2},"nm":"Path 1","mn":"ADBE Vector Shape - Group","hd":false},{"ty":"fl","c":{"a":0,"k":[1,0.804000016755,0.102000000898,1],"ix":4},"o":{"a":0,"k":100,"ix":5},"r":1,"nm":"Fill 1","mn":"ADBE Vector Graphic - Fill","hd":false},{"ty":"tr","p":{"a":0,"k":[389.977,256.467],"ix":2},"a":{"a":0,"k":[0,0],"ix":1},"s":{"a":0,"k":[100,100],"ix":3},"r":{"a":0,"k":0,"ix":6},"o":{"a":0,"k":100,"ix":7},"sk":{"a":0,"k":0,"ix":4},"sa":{"a":0,"k":0,"ix":5},"nm":"Transform"}],"nm":"nose","np":2,"cix":2,"ix":4,"mn":"ADBE Vector Group","hd":false},{"ty":"tr","p":{"a":0,"k":[390.223,252.801],"ix":2},"a":{"a":0,"k":[390.223,252.801],"ix":1},"s":{"a":0,"k":[100,100],"ix":3},"r":{"a":0,"k":0,"ix":6},"o":{"a":0,"k":100,"ix":7},"sk":{"a":0,"k":0,"ix":4},"sa":{"a":0,"k":0,"ix":5},"nm":"Transform"}],"nm":"face","np":4,"cix":2,"ix":7,"mn":"ADBE Vector Group","hd":false},{"ty":"gr","it":[{"ind":0,"ty":"sh","ix":1,"ks":{"a":0,"k":{"i":[[4.605,-13.462],[6.118,-13.816],[16.62,0],[15.461,25.202],[-9.658,28.22],[-14.17,20.192],[-14.383,-11.336],[-8.907,-22.351]],"o":[[15.233,19.484],[-12.723,28.731],[-16.498,0],[-17.58,-28.654],[-5.899,-16.279],[9.55,-13.61],[11.833,-11.336],[7.58,19.022]],"v":[[46.101,-15.251],[59.822,65.874],[5.656,93.41],[-48.36,68.208],[-48.375,-17.81],[-47.86,-77.1],[1.323,-83.269],[53.128,-69.219]],"c":true},"ix":2},"nm":"Path 1","mn":"ADBE Vector Shape - Group","hd":false},{"ty":"fl","c":{"a":0,"k":[0.294000004787,0.438999998803,1,1],"ix":4},"o":{"a":0,"k":100,"ix":5},"r":1,"nm":"Fill 1","mn":"ADBE Vector Graphic - Fill","hd":false},{"ty":"tr","p":{"a":0,"k":[388.654,302.433],"ix":2},"a":{"a":0,"k":[0,0],"ix":1},"s":{"a":0,"k":[100,100],"ix":3},"r":{"a":0,"k":0,"ix":6},"o":{"a":0,"k":100,"ix":7},"sk":{"a":0,"k":0,"ix":4},"sa":{"a":0,"k":0,"ix":5},"nm":"Transform"}],"nm":"body-inner","np":2,"cix":2,"ix":8,"mn":"ADBE Vector Group","hd":false},{"ty":"gr","it":[{"ind":0,"ty":"sh","ix":1,"ks":{"a":0,"k":{"i":[[64.865,0],[0,0],[-4.504,40.747],[0.015,18.883],[-0.139,20.166],[-44.44,0],[0,-31.667],[0,-12],[-2.273,-15.477]],"o":[[0,0],[-53.635,0],[1.649,-14.916],[-0.014,-18.645],[0.212,-30.668],[37.227,0],[0,20.583],[0,23.083],[4.77,32.496]],"v":[[-0.133,111.442],[-0.133,111.442],[-73.514,38.061],[-70.185,-12.775],[-70.514,-63.025],[0.982,-111.442],[71.248,-63.025],[69.732,-12.192],[73.248,38.061]],"c":true},"ix":2},"nm":"Path 1","mn":"ADBE Vector Shape - Group","hd":false},{"ty":"fl","c":{"a":0,"k":[0.263000009574,0.352999997606,1,1],"ix":4},"o":{"a":0,"k":100,"ix":5},"r":1,"nm":"Fill 1","mn":"ADBE Vector Graphic - Fill","hd":false},{"ty":"tr","p":{"a":0,"k":[390.069,300.848],"ix":2},"a":{"a":0,"k":[0,0],"ix":1},"s":{"a":0,"k":[100,100],"ix":3},"r":{"a":0,"k":0,"ix":6},"o":{"a":0,"k":100,"ix":7},"sk":{"a":0,"k":0,"ix":4},"sa":{"a":0,"k":0,"ix":5},"nm":"Transform"}],"nm":"body-outer","np":2,"cix":2,"ix":9,"mn":"ADBE Vector Group","hd":false},{"ty":"gr","it":[{"ind":0,"ty":"sh","ix":1,"ks":{"a":0,"k":{"i":[[8.975,0],[0,0],[0,8.975],[0,0],[-8.975,0],[0,-8.975],[0,0]],"o":[[0,0],[-8.975,0],[0,0],[0,-8.975],[8.975,0],[0,0],[0,8.975]],"v":[[0,27.333],[0,27.333],[-16.25,11.083],[-16.25,-11.083],[0,-27.333],[16.25,-11.083],[16.25,11.083]],"c":true},"ix":2},"nm":"Path 1","mn":"ADBE Vector Shape - Group","hd":false},{"ty":"fl","c":{"a":0,"k":[1,0.33300000359,0.156999999402,1],"ix":4},"o":{"a":0,"k":100,"ix":5},"r":1,"nm":"Fill 1","mn":"ADBE Vector Graphic - Fill","hd":false},{"ty":"tr","p":{"a":1,"k":[{"i":{"x":0.833,"y":0.972},"o":{"x":0.333,"y":0},"n":"0p833_0p972_0p333_0","t":0,"s":[463.561,248.787],"e":[473.811,248.787],"to":[1.70833337306976,0],"ti":[-0.33333334326744,0]},{"i":{"x":0.667,"y":1},"o":{"x":0.167,"y":0.339},"n":"0p667_1_0p167_0p339","t":1,"s":[473.811,248.787],"e":[465.561,248.787],"to":[0.33333334326744,0],"ti":[0.75,0]},{"i":{"x":0.833,"y":0.977},"o":{"x":0.333,"y":0},"n":"0p833_0p977_0p333_0","t":10.771,"s":[465.561,248.787],"e":[469.311,248.787],"to":[-0.75,0],"ti":[0,0]},{"i":{"x":0.667,"y":1},"o":{"x":0.167,"y":0.317},"n":"0p667_1_0p167_0p317","t":11.771,"s":[469.311,248.787],"e":[465.561,248.787],"to":[0,0],"ti":[0,0]},{"i":{"x":0.833,"y":0.978},"o":{"x":0.333,"y":0},"n":"0p833_0p978_0p333_0","t":25,"s":[465.561,248.787],"e":[469.311,248.787],"to":[0,0],"ti":[0,0]},{"i":{"x":0.667,"y":1},"o":{"x":0.167,"y":0.311},"n":"0p667_1_0p167_0p311","t":26,"s":[469.311,248.787],"e":[465.561,248.787],"to":[0,0],"ti":[0,0]},{"i":{"x":0.833,"y":0.973},"o":{"x":0.333,"y":0},"n":"0p833_0p973_0p333_0","t":40,"s":[465.561,248.787],"e":[469.311,248.787],"to":[0,0],"ti":[0.29166540503502,0]},{"i":{"x":0.667,"y":1},"o":{"x":0.167,"y":0.263},"n":"0p667_1_0p167_0p263","t":41,"s":[469.311,248.787],"e":[463.812,248.787],"to":[-0.29166540503502,0],"ti":[0.9166653752327,0]},{"t":55.4162522571501}],"ix":2},"a":{"a":0,"k":[0,0],"ix":1},"s":{"a":0,"k":[100,100],"ix":3},"r":{"a":0,"k":0,"ix":6},"o":{"a":0,"k":100,"ix":7},"sk":{"a":0,"k":0,"ix":4},"sa":{"a":0,"k":0,"ix":5},"nm":"Transform"}],"nm":"right-cup","np":2,"cix":2,"ix":10,"mn":"ADBE Vector Group","hd":false},{"ty":"gr","it":[{"ind":0,"ty":"sh","ix":1,"ks":{"a":0,"k":{"i":[[8.975,0],[0,0],[0,8.975],[0,0],[-8.975,0],[0,-8.975],[0,0]],"o":[[0,0],[-8.975,0],[0,0],[0,-8.975],[8.975,0],[0,0],[0,8.975]],"v":[[0,27.333],[0,27.333],[-16.25,11.083],[-16.25,-11.083],[0,-27.333],[16.25,-11.083],[16.25,11.083]],"c":true},"ix":2},"nm":"Path 1","mn":"ADBE Vector Shape - Group","hd":false},{"ty":"fl","c":{"a":0,"k":[1,0.33300000359,0.156999999402,1],"ix":4},"o":{"a":0,"k":100,"ix":5},"r":1,"nm":"Fill 1","mn":"ADBE Vector Graphic - Fill","hd":false},{"ty":"tr","p":{"a":1,"k":[{"i":{"x":0.833,"y":1},"o":{"x":0.167,"y":0.146},"n":"0p833_1_0p167_0p146","t":0,"s":[315.812,248.787],"e":[307.561,248.787],"to":[-1.3750011920929,0],"ti":[0.08333451300859,0]},{"i":{"x":0.667,"y":1},"o":{"x":0.333,"y":0},"n":"0p667_1_0p333_0","t":1,"s":[307.561,248.787],"e":[315.311,248.787],"to":[-0.08333451300859,0],"ti":[-0.66666668653488,0]},{"i":{"x":0.667,"y":1},"o":{"x":0.333,"y":0},"n":"0p667_1_0p333_0","t":10.771,"s":[315.311,248.787],"e":[311.561,248.787],"to":[0.66666668653488,0],"ti":[0,0]},{"i":{"x":0.667,"y":1},"o":{"x":0.333,"y":0},"n":"0p667_1_0p333_0","t":11.771,"s":[311.561,248.787],"e":[315.311,248.787],"to":[0,0],"ti":[0,0]},{"i":{"x":0.667,"y":1},"o":{"x":0.333,"y":0},"n":"0p667_1_0p333_0","t":25,"s":[315.311,248.787],"e":[311.561,248.787],"to":[0,0],"ti":[0,0]},{"i":{"x":0.667,"y":1},"o":{"x":0.333,"y":0},"n":"0p667_1_0p333_0","t":26,"s":[311.561,248.787],"e":[315.311,248.787],"to":[0,0],"ti":[0,0]},{"i":{"x":0.667,"y":1},"o":{"x":0.333,"y":0},"n":"0p667_1_0p333_0","t":40,"s":[315.311,248.787],"e":[311.561,248.787],"to":[0,0],"ti":[-0.08333460241556,0]},{"i":{"x":0.667,"y":1},"o":{"x":0.333,"y":0},"n":"0p667_1_0p333_0","t":41,"s":[311.561,248.787],"e":[315.812,248.787],"to":[0.08333460241556,0],"ti":[-0.7083346247673,0]},{"t":55.4162522571501}],"ix":2},"a":{"a":0,"k":[0,0],"ix":1},"s":{"a":0,"k":[100,100],"ix":3},"r":{"a":0,"k":0,"ix":6},"o":{"a":0,"k":100,"ix":7},"sk":{"a":0,"k":0,"ix":4},"sa":{"a":0,"k":0,"ix":5},"nm":"Transform"}],"nm":"left-cup","np":2,"cix":2,"ix":11,"mn":"ADBE Vector Group","hd":false},{"ty":"gr","it":[{"ind":0,"ty":"sh","ix":1,"ks":{"a":0,"k":{"i":[[0,0],[-86.579,0],[-0.163,-9.251]],"o":[[0.089,-8.855],[86.065,0],[0,0]],"v":[[-77.034,29.604],[0.257,-30.652],[78.275,30.652]],"c":false},"ix":2},"nm":"Path 1","mn":"ADBE Vector Shape - Group","hd":false},{"ty":"st","c":{"a":0,"k":[1,0.430999995213,0.149000010771,1],"ix":3},"o":{"a":0,"k":100,"ix":4},"w":{"a":0,"k":11.338,"ix":5},"lc":1,"lj":1,"ml":10,"nm":"Stroke 1","mn":"ADBE Vector Graphic - Stroke","hd":false},{"ty":"tr","p":{"a":0,"k":[389.345,199.587],"ix":2},"a":{"a":0,"k":[0,0],"ix":1},"s":{"a":0,"k":[100,100],"ix":3},"r":{"a":0,"k":0,"ix":6},"o":{"a":0,"k":100,"ix":7},"sk":{"a":0,"k":0,"ix":4},"sa":{"a":0,"k":0,"ix":5},"nm":"Transform"}],"nm":"headphone-body","np":2,"cix":2,"ix":12,"mn":"ADBE Vector Group","hd":false},{"ty":"gr","it":[{"ind":0,"ty":"sh","ix":1,"ks":{"a":0,"k":{"i":[[0,0],[0,0],[0,0],[0,0]],"o":[[0,0],[0,0],[0,0],[0,0]],"v":[[6.321,4.162],[-0.898,10.565],[-7.771,-8.517],[0.65,-10.565]],"c":true},"ix":2},"nm":"Path 1","mn":"ADBE Vector Shape - Group","hd":false},{"ty":"fl","c":{"a":0,"k":[0.263000009574,0.352999997606,1,1],"ix":4},"o":{"a":0,"k":100,"ix":5},"r":1,"nm":"Fill 1","mn":"ADBE Vector Graphic - Fill","hd":false},{"ty":"tr","p":{"a":0,"k":[424.65,405.009],"ix":2},"a":{"a":0,"k":[-3.639,-8.724],"ix":1},"s":{"a":0,"k":[100,100],"ix":3},"r":{"a":0,"k":0,"ix":6},"o":{"a":0,"k":100,"ix":7},"sk":{"a":0,"k":0,"ix":4},"sa":{"a":0,"k":0,"ix":5},"nm":"Transform"}],"nm":"right-leg","np":2,"cix":2,"ix":13,"mn":"ADBE Vector Group","hd":false},{"ty":"gr","it":[{"ind":0,"ty":"sh","ix":1,"ks":{"a":0,"k":{"i":[[0,0],[0,0],[14.837,-1.697]],"o":[[0,0],[0,0],[-14.638,1.674]],"v":[[-18.59,7.211],[18.59,2.958],[0.577,-5.514]],"c":true},"ix":2},"nm":"Path 1","mn":"ADBE Vector Shape - Group","hd":false},{"ty":"fl","c":{"a":0,"k":[0.263000009574,0.352999997606,1,1],"ix":4},"o":{"a":0,"k":100,"ix":5},"r":1,"nm":"Fill 1","mn":"ADBE Vector Graphic - Fill","hd":false},{"ty":"tr","p":{"a":0,"k":[427.1,423.675],"ix":2},"a":{"a":0,"k":[-18.872,6.588],"ix":1},"s":{"a":0,"k":[100,100],"ix":3},"r":{"a":1,"k":[{"i":{"x":[0.833],"y":[0.833]},"o":{"x":[0.167],"y":[0.167]},"n":["0p833_0p833_0p167_0p167"],"t":0,"s":[6.809],"e":[4.809]},{"i":{"x":[0.833],"y":[0.833]},"o":{"x":[0.167],"y":[0.167]},"n":["0p833_0p833_0p167_0p167"],"t":6,"s":[4.809],"e":[-19.191]},{"i":{"x":[0.833],"y":[0.833]},"o":{"x":[0.167],"y":[0.167]},"n":["0p833_0p833_0p167_0p167"],"t":12,"s":[-19.191],"e":[6.809]},{"i":{"x":[0.833],"y":[0.833]},"o":{"x":[0.167],"y":[0.167]},"n":["0p833_0p833_0p167_0p167"],"t":13,"s":[6.809],"e":[-19.191]},{"i":{"x":[0.833],"y":[0.833]},"o":{"x":[0.167],"y":[0.167]},"n":["0p833_0p833_0p167_0p167"],"t":18,"s":[-19.191],"e":[-19.191]},{"i":{"x":[0.833],"y":[0.833]},"o":{"x":[0.167],"y":[0.167]},"n":["0p833_0p833_0p167_0p167"],"t":24,"s":[-19.191],"e":[6.809]},{"i":{"x":[0.833],"y":[0.833]},"o":{"x":[0.167],"y":[0.167]},"n":["0p833_0p833_0p167_0p167"],"t":25,"s":[6.809],"e":[-19.191]},{"i":{"x":[0.833],"y":[0.833]},"o":{"x":[0.167],"y":[0.167]},"n":["0p833_0p833_0p167_0p167"],"t":30,"s":[-19.191],"e":[-19.191]},{"i":{"x":[0.833],"y":[0.833]},"o":{"x":[0.167],"y":[0.167]},"n":["0p833_0p833_0p167_0p167"],"t":38,"s":[-19.191],"e":[6.809]},{"i":{"x":[0.833],"y":[0.833]},"o":{"x":[0.167],"y":[0.167]},"n":["0p833_0p833_0p167_0p167"],"t":39,"s":[6.809],"e":[-30.191]},{"i":{"x":[0.833],"y":[0.833]},"o":{"x":[0.167],"y":[0.167]},"n":["0p833_0p833_0p167_0p167"],"t":46,"s":[-30.191],"e":[-34.191]},{"i":{"x":[0.833],"y":[0.833]},"o":{"x":[0.167],"y":[0.167]},"n":["0p833_0p833_0p167_0p167"],"t":53,"s":[-34.191],"e":[-8.191]},{"t":54.0000021994651}],"ix":6},"o":{"a":0,"k":100,"ix":7},"sk":{"a":0,"k":0,"ix":4},"sa":{"a":0,"k":0,"ix":5},"nm":"Transform"}],"nm":"right-foot","np":2,"cix":2,"ix":14,"mn":"ADBE Vector Group","hd":false},{"ty":"gr","it":[{"ind":0,"ty":"sh","ix":1,"ks":{"a":0,"k":{"i":[[0,0],[0,0],[0,0],[0,0]],"o":[[0,0],[0,0],[0,0],[0,0]],"v":[[5.544,9.071],[-3.378,9.071],[-5.544,-9.071],[3.122,-9.071]],"c":true},"ix":2},"nm":"Path 1","mn":"ADBE Vector Shape - Group","hd":false},{"ty":"fl","c":{"a":0,"k":[0.263000009574,0.352999997606,1,1],"ix":4},"o":{"a":0,"k":100,"ix":5},"r":1,"nm":"Fill 1","mn":"ADBE Vector Graphic - Fill","hd":false},{"ty":"tr","p":{"a":0,"k":[365.188,415.246],"ix":2},"a":{"a":0,"k":[0,0],"ix":1},"s":{"a":0,"k":[100,100],"ix":3},"r":{"a":0,"k":0,"ix":6},"o":{"a":0,"k":100,"ix":7},"sk":{"a":0,"k":0,"ix":4},"sa":{"a":0,"k":0,"ix":5},"nm":"Transform"}],"nm":"left-leg","np":2,"cix":2,"ix":15,"mn":"ADBE Vector Group","hd":false},{"ty":"gr","it":[{"ind":0,"ty":"sh","ix":1,"ks":{"a":0,"k":{"i":[[0,0],[0,0],[-14.934,0]],"o":[[0,0],[0,0],[14.733,0]],"v":[[18.711,5.218],[-18.711,5.218],[-1.777,-5.218]],"c":true},"ix":2},"nm":"Path 1","mn":"ADBE Vector Shape - Group","hd":false},{"ty":"fl","c":{"a":0,"k":[0.263000009574,0.352999997606,1,1],"ix":4},"o":{"a":0,"k":100,"ix":5},"r":1,"nm":"Fill 1","mn":"ADBE Vector Graphic - Fill","hd":false},{"ty":"tr","p":{"a":0,"k":[369.794,423.475],"ix":2},"a":{"a":0,"k":[17.773,4.376],"ix":1},"s":{"a":0,"k":[100,100],"ix":3},"r":{"a":0,"k":0,"ix":6},"o":{"a":0,"k":100,"ix":7},"sk":{"a":0,"k":0,"ix":4},"sa":{"a":0,"k":0,"ix":5},"nm":"Transform"}],"nm":"left-foot","np":2,"cix":2,"ix":16,"mn":"ADBE Vector Group","hd":false}],"ip":0,"op":900.000036657751,"st":0,"bm":0}],"markers":[],"chars":[{"ch":"w","size":16,"style":"Medium","w":77.3,"data":{"shapes":[{"ty":"gr","it":[{"ind":0,"ty":"sh","ix":1,"ks":{"a":0,"k":{"i":[[0,0],[0,0],[0,0],[0,0],[0,0],[0,0],[0,0],[0,0],[0,0],[0,0],[0,0],[0,0],[0,0],[0,0],[0,0],[0,0]],"o":[[0,0],[0,0],[0,0],[0,0],[0,0],[0,0],[0,0],[0,0],[0,0],[0,0],[0,0],[0,0],[0,0],[0,0],[0,0],[0,0]],"v":[[1.4,-47.4],[17.2,0],[27,0],[38.6,-35.6],[38.8,-35.6],[50.5,0],[60.3,0],[76,-47.4],[66.1,-47.4],[55.4,-11.2],[55.2,-11.2],[43.7,-47.4],[33.8,-47.4],[22.5,-11.2],[22.3,-11.2],[11.6,-47.4]],"c":true},"ix":2},"nm":"w","mn":"ADBE Vector Shape - Group","hd":false}],"nm":"w","np":3,"cix":2,"ix":1,"mn":"ADBE Vector Group","hd":false}]},"fFamily":"Avenir Next"},{"ch":".","size":16,"style":"Medium","w":26,"data":{"shapes":[{"ty":"gr","it":[{"ind":0,"ty":"sh","ix":1,"ks":{"a":0,"k":{"i":[[1.266,1.267],[1.933,0],[1.266,-1.3],[0,-1.8],[-1.3,-1.3],[-1.867,0],[-1.267,1.334],[0,1.734]],"o":[[-1.267,-1.266],[-1.934,0],[-1.267,1.3],[0,1.734],[1.3,1.3],[1.933,0],[1.266,-1.333],[0,-1.8]],"v":[[17.8,-10.6],[13,-12.5],[8.2,-10.55],[6.3,-5.9],[8.25,-1.35],[13,0.6],[17.8,-1.4],[19.7,-6]],"c":true},"ix":2},"nm":".","mn":"ADBE Vector Shape - Group","hd":false}],"nm":".","np":3,"cix":2,"ix":1,"mn":"ADBE Vector Group","hd":false}]},"fFamily":"Avenir Next"},{"ch":"a","size":16,"style":"Medium","w":54.2,"data":{"shapes":[{"ty":"gr","it":[{"ind":0,"ty":"sh","ix":1,"ks":{"a":0,"k":{"i":[[0,0],[3.933,-0.333],[3.133,-1.1],[1.933,-2.1],[0,-3.6],[-1.1,-1.866],[-1.667,-1.133],[-2.034,-0.5],[-1.867,0],[-2.634,1.4],[-1.734,2.534],[0,0],[-0.534,-2.266],[0,0],[0.1,1.767],[0,1.6],[0,0],[0.8,2.267],[1.6,1.667],[2.5,0.967],[3.4,0],[3.366,-1.266],[2.333,-2.2],[0,0],[-2.367,1.034],[-2.667,0],[-2.134,-1.7],[0,-3.533]],"o":[[-4,0],[-3.934,0.334],[-3.134,1.1],[-1.934,2.1],[0,2.734],[1.1,1.867],[1.666,1.134],[2.033,0.5],[3.6,0],[2.633,-1.4],[0,0],[0,2.267],[0,0],[-0.267,-1.133],[-0.1,-1.766],[0,0],[0,-2.6],[-0.8,-2.266],[-1.6,-1.666],[-2.5,-0.966],[-3.867,0],[-3.367,1.267],[0,0],[1.6,-1.6],[2.366,-1.033],[3.533,0],[2.133,1.7],[0,0]],"v":[[37.6,-29.4],[25.7,-28.9],[15.1,-26.75],[7.5,-21.95],[4.6,-13.4],[6.25,-6.5],[10.4,-2],[15.95,0.45],[21.8,1.2],[31.15,-0.9],[37.7,-6.8],[38,-6.8],[38.8,0],[47.3,0],[46.75,-4.35],[46.6,-9.4],[46.6,-30.1],[45.4,-37.4],[41.8,-43.3],[35.65,-47.25],[26.8,-48.7],[15.95,-46.8],[7.4,-41.6],[12.4,-35.6],[18.35,-39.55],[25.9,-41.1],[34.4,-38.55],[37.6,-30.7]],"c":true},"ix":2},"nm":"a","mn":"ADBE Vector Shape - Group","hd":false},{"ind":1,"ty":"sh","ix":2,"ks":{"a":0,"k":{"i":[[0,0],[0,0],[2.366,-2.633],[4.4,0],[1.133,0.234],[0.933,0.6],[0.566,0.934],[0,1.4],[-1.334,1.2],[-2.034,0.6],[-2.5,0.2],[-2.334,0]],"o":[[0,0],[0,4],[-2.367,2.634],[-1.2,0],[-1.134,-0.233],[-0.934,-0.6],[-0.567,-0.933],[0,-2],[1.333,-1.2],[2.033,-0.6],[2.5,-0.2],[0,0]],"v":[[37.6,-22.6],[37.6,-20.1],[34.05,-10.15],[23.9,-6.2],[20.4,-6.55],[17.3,-7.8],[15.05,-10.1],[14.2,-13.6],[16.2,-18.4],[21.25,-21.1],[28.05,-22.3],[35.3,-22.6]],"c":true},"ix":2},"nm":"a","mn":"ADBE Vector Shape - Group","hd":false}],"nm":"a","np":5,"cix":2,"ix":1,"mn":"ADBE Vector Group","hd":false}]},"fFamily":"Avenir Next"},{"ch":"r","size":16,"style":"Medium","w":36.2,"data":{"shapes":[{"ty":"gr","it":[{"ind":0,"ty":"sh","ix":1,"ks":{"a":0,"k":{"i":[[0,-1.266],[0,0],[0,0],[0,0],[-0.534,1.834],[-1.1,1.4],[-1.667,0.834],[-2.267,0],[-1.334,-0.333],[0,0],[1.466,0],[2.566,-1.7],[1.333,-2.8],[0,0],[0.066,1.567],[0.133,1.2],[0,0],[-0.067,-2]],"o":[[0,0],[0,0],[0,0],[0,-2],[0.533,-1.833],[1.1,-1.4],[1.666,-0.833],[1.533,0],[0,0],[-1,-0.266],[-3.2,0],[-2.567,1.7],[0,0],[0,-1],[-0.067,-1.566],[0,0],[0.133,1.534],[0.066,2]],"v":[[8.1,-37.2],[8.1,0],[17.5,0],[17.5,-24.9],[18.3,-30.65],[20.75,-35.5],[24.9,-38.85],[30.8,-40.1],[35.1,-39.6],[35.5,-48.3],[31.8,-48.7],[23.15,-46.15],[17.3,-39.4],[17,-39.4],[16.9,-43.25],[16.6,-47.4],[7.7,-47.4],[8,-42.1]],"c":true},"ix":2},"nm":"r","mn":"ADBE Vector Shape - Group","hd":false}],"nm":"r","np":3,"cix":2,"ix":1,"mn":"ADBE Vector Group","hd":false}]},"fFamily":"Avenir Next"},{"ch":"p","size":16,"style":"Medium","w":63.4,"data":{"shapes":[{"ty":"gr","it":[{"ind":0,"ty":"sh","ix":1,"ks":{"a":0,"k":{"i":[[0,0],[0,0],[-2.994,-1.466],[-3.392,0],[-2.927,1.3],[-2.062,2.267],[-1.131,3.067],[0,3.467],[1.131,3.034],[2.094,2.267],[2.892,1.267],[3.525,0],[2.959,-1.633],[1.528,-2.533],[0,0],[0,0],[0,0],[0,0],[0,0]],"o":[[0,0],[1.728,2.667],[2.992,1.466],[3.656,0],[2.925,-1.3],[2.061,-2.266],[1.131,-3.066],[0,-3.466],[-1.131,-3.033],[-2.095,-2.266],[-2.894,-1.266],[-3.925,0],[-2.959,1.634],[0,0],[0,0],[0,0],[0,0],[0,0],[0,0]],"v":[[17.5,-7.1],[17.8,-7.1],[24.883,-0.9],[34.459,1.3],[44.334,-0.65],[51.816,-6],[56.603,-14],[58.3,-23.8],[56.603,-33.55],[51.766,-41.5],[44.284,-46.8],[34.658,-48.7],[24.333,-46.25],[17.6,-40],[17.3,-40],[17.3,-47.4],[8.1,-47.4],[8.1,24],[17.5,24]],"c":true},"ix":2},"nm":"p","mn":"ADBE Vector Shape - Group","hd":false},{"ind":1,"ty":"sh","ix":2,"ks":{"a":0,"k":{"i":[[0.666,-2.066],[1.333,-1.6],[1.966,-0.966],[2.6,0],[1.966,0.934],[1.4,1.567],[0.766,2.067],[0,2.267],[-0.767,2.067],[-1.4,1.6],[-1.967,0.934],[-2.4,0],[-1.967,-0.933],[-1.334,-1.6],[-0.667,-2.066],[0,-2.2]],"o":[[-0.667,2.067],[-1.334,1.6],[-1.967,0.967],[-2.4,0],[-1.967,-0.933],[-1.4,-1.566],[-0.767,-2.066],[0,-2.266],[0.766,-2.066],[1.4,-1.6],[1.966,-0.933],[2.6,0],[1.966,0.934],[1.333,1.6],[0.666,2.067],[0,2.2]],"v":[[47.7,-17.4],[44.7,-11.9],[39.75,-8.05],[32.9,-6.6],[26.35,-8],[21.3,-11.75],[18.05,-17.2],[16.9,-23.7],[18.05,-30.2],[21.3,-35.7],[26.35,-39.5],[32.9,-40.9],[39.75,-39.5],[44.7,-35.7],[47.7,-30.2],[48.7,-23.8]],"c":true},"ix":2},"nm":"p","mn":"ADBE Vector Shape - Group","hd":false}],"nm":"p","np":5,"cix":2,"ix":1,"mn":"ADBE Vector Group","hd":false}]},"fFamily":"Avenir Next"},{"ch":"i","size":16,"style":"Medium","w":25.9,"data":{"shapes":[{"ty":"gr","it":[{"ind":0,"ty":"sh","ix":1,"ks":{"a":0,"k":{"i":[[0,0],[0,0],[0,0],[0,0]],"o":[[0,0],[0,0],[0,0],[0,0]],"v":[[17.6,-47.4],[8.2,-47.4],[8.2,0],[17.6,0]],"c":true},"ix":2},"nm":"i","mn":"ADBE Vector Shape - Group","hd":false},{"ind":1,"ty":"sh","ix":2,"ks":{"a":0,"k":{"i":[[1.223,1.167],[1.719,0],[1.191,-1.166],[0,-1.733],[-1.191,-1.166],[-1.719,0],[-1.223,1.134],[0,1.734]],"o":[[-1.223,-1.166],[-1.719,0],[-1.191,1.167],[0,1.667],[1.191,1.167],[1.719,0],[1.223,-1.133],[0,-1.733]],"v":[[17.264,-68.85],[12.85,-70.6],[8.486,-68.85],[6.7,-64.5],[8.486,-60.25],[12.85,-58.5],[17.264,-60.2],[19.1,-64.5]],"c":true},"ix":2},"nm":"i","mn":"ADBE Vector Shape - Group","hd":false}],"nm":"i","np":5,"cix":2,"ix":1,"mn":"ADBE Vector Group","hd":false}]},"fFamily":"Avenir Next"},{"ch":"t","size":16,"style":"Medium","w":31.4,"data":{"shapes":[{"ty":"gr","it":[{"ind":0,"ty":"sh","ix":1,"ks":{"a":0,"k":{"i":[[0,0],[0,0],[0,0],[0,0],[0,0],[0,0],[0,0],[0,0],[0,0],[-2.367,-2.466],[-4.467,0],[-1.367,0.233],[-1.134,0.4],[0,0],[1,-0.183],[0.866,0],[1.066,1.23],[0,2.858],[0,0],[0,0]],"o":[[0,0],[0,0],[0,0],[0,0],[0,0],[0,0],[0,0],[0,0],[0,4.934],[2.366,2.467],[1.466,0],[1.366,-0.234],[0,0],[-0.8,0.367],[-1,0.184],[-2.334,0],[-1.067,-1.23],[0,0],[0,0],[0,0]],"v":[[31.3,-47.4],[18.7,-47.4],[18.7,-61],[9.4,-61],[9.4,-47.4],[0.3,-47.4],[0.3,-39.7],[9.4,-39.7],[9.4,-14],[12.95,-2.9],[23.2,0.8],[27.45,0.45],[31.2,-0.5],[30.9,-8.2],[28.2,-7.375],[25.4,-7.1],[20.3,-8.944],[18.7,-15.075],[18.7,-39.7],[31.3,-39.7]],"c":true},"ix":2},"nm":"t","mn":"ADBE Vector Shape - Group","hd":false}],"nm":"t","np":3,"cix":2,"ix":1,"mn":"ADBE Vector Group","hd":false}]},"fFamily":"Avenir Next"},{"ch":"o","size":16,"style":"Medium","w":61,"data":{"shapes":[{"ty":"gr","it":[{"ind":0,"ty":"sh","ix":1,"ks":{"a":0,"k":{"i":[[1.3,3.034],[2.3,2.2],[3.133,1.234],[3.6,0],[3.133,-1.233],[2.266,-2.2],[1.3,-3.033],[0,-3.666],[-1.3,-3.066],[-2.267,-2.233],[-3.134,-1.233],[-3.6,0],[-3.134,1.233],[-2.3,2.234],[-1.3,3.067],[0,3.667]],"o":[[-1.3,-3.033],[-2.3,-2.2],[-3.134,-1.233],[-3.6,0],[-3.134,1.234],[-2.267,2.2],[-1.3,3.034],[0,3.667],[1.3,3.067],[2.266,2.234],[3.133,1.233],[3.6,0],[3.133,-1.233],[2.3,-2.233],[1.3,-3.066],[0,-3.666]],"v":[[54.15,-33.85],[48.75,-41.7],[40.6,-46.85],[30.5,-48.7],[20.4,-46.85],[12.3,-41.7],[6.95,-33.85],[5,-23.8],[6.95,-13.7],[12.3,-5.75],[20.4,-0.55],[30.5,1.3],[40.6,-0.55],[48.75,-5.75],[54.15,-13.7],[56.1,-23.8]],"c":true},"ix":2},"nm":"o","mn":"ADBE Vector Shape - Group","hd":false},{"ind":1,"ty":"sh","ix":2,"ks":{"a":0,"k":{"i":[[0.702,-2.059],[1.338,-1.595],[1.972,-0.931],[2.541,0],[1.972,0.931],[1.337,1.595],[0.702,2.061],[0,2.261],[-0.703,2.061],[-1.338,1.562],[-1.973,0.931],[-2.542,0],[-1.973,-0.931],[-1.337,-1.562],[-0.703,-2.059],[0,-2.259]],"o":[[-0.703,2.061],[-1.337,1.595],[-1.973,0.931],[-2.542,0],[-1.973,-0.931],[-1.338,-1.595],[-0.703,-2.059],[0,-2.259],[0.702,-2.059],[1.337,-1.562],[1.972,-0.931],[2.541,0],[1.972,0.931],[1.338,1.562],[0.702,2.061],[0,2.261]],"v":[[45.247,-17.269],[42.188,-11.784],[37.222,-7.995],[30.45,-6.6],[23.678,-7.995],[18.713,-11.784],[15.653,-17.269],[14.6,-23.75],[15.653,-30.231],[18.713,-35.664],[23.678,-39.403],[30.45,-40.8],[37.222,-39.403],[42.188,-35.664],[45.247,-30.231],[46.3,-23.75]],"c":true},"ix":2},"nm":"o","mn":"ADBE Vector Shape - Group","hd":false}],"nm":"o","np":5,"cix":2,"ix":1,"mn":"ADBE Vector Group","hd":false}]},"fFamily":"Avenir Next"},{"ch":"k","size":16,"style":"Medium","w":52.7,"data":{"shapes":[{"ty":"gr","it":[{"ind":0,"ty":"sh","ix":1,"ks":{"a":0,"k":{"i":[[0,0],[0,0],[0,0],[0,0],[0,0],[0,0],[0,0],[0,0],[0,0],[0,0],[0,0],[0,0],[0,0]],"o":[[0,0],[0,0],[0,0],[0,0],[0,0],[0,0],[0,0],[0,0],[0,0],[0,0],[0,0],[0,0],[0,0]],"v":[[17.7,-75.6],[8.3,-75.6],[8.3,0],[17.7,0],[17.7,-24.6],[18,-24.6],[39.4,0],[52.4,0],[28.3,-25.9],[50.5,-47.4],[37.9,-47.4],[18,-26.8],[17.7,-26.8]],"c":true},"ix":2},"nm":"k","mn":"ADBE Vector Shape - Group","hd":false}],"nm":"k","np":3,"cix":2,"ix":1,"mn":"ADBE Vector Group","hd":false}]},"fFamily":"Avenir Next"}]}